Location,Poverty Level,TimeFrame,DataFormat,Data
Colorado,Eligible for Reduced Price Lunch,2000,Percent,0.07
Colorado,Eligible for Free or Reduced Lunch,2000,Percent,0.27
Colorado,Eligible for Free Lunch,2000,Percent,0.2
Colorado,Eligible for Reduced Price Lunch,2000,Number,50698
Colorado,Eligible for Free Lunch,2000,Number,144451
Colorado,Eligible for Free or Reduced Lunch,2000,Number,195149
Colorado,Eligible for Reduced Price Lunch,2001,Number,51998
Colorado,Eligible for Free or Reduced Lunch,2001,Number,204299
Colorado,Eligible for Free Lunch,2001,Number,152301
Colorado,Eligible for Free Lunch,2001,Percent,0.20522
Colorado,Eligible for Free or Reduced Lunch,2001,Percent,0.27528
Colorado,Eligible for Reduced Price Lunch,2001,Percent,0.07006
Colorado,Eligible for Free Lunch,2002,Percent,0.2196
Colorado,Eligible for Free or Reduced Lunch,2002,Percent,0.28509
Colorado,Eligible for Reduced Price Lunch,2002,Percent,0.06549
Colorado,Eligible for Reduced Price Lunch,2002,Number,49242
Colorado,Eligible for Free or Reduced Lunch,2002,Number,214349
Colorado,Eligible for Free Lunch,2002,Number,165107
Colorado,Eligible for Reduced Price Lunch,2003,Number,47955
Colorado,Eligible for Free or Reduced Lunch,2003,Number,228710
Colorado,Eligible for Free Lunch,2003,Percent,0.24
Colorado,Eligible for Reduced Price Lunch,2003,Percent,0.06
Colorado,Eligible for Free or Reduced Lunch,2003,Percent,0.3
Colorado,Eligible for Free Lunch,2004,Percent,0.2525
Colorado,Eligible for Free or Reduced Lunch,2004,Percent,0.3152
Colorado,Eligible for Free Lunch,2003,Number,180755
Colorado,Eligible for Reduced Price Lunch,2004,Percent,0.0627
Colorado,Eligible for Free Lunch,2004,Number,193587
Colorado,Eligible for Free or Reduced Lunch,2004,Number,241619
Colorado,Eligible for Reduced Price Lunch,2004,Number,48032
Colorado,Eligible for Free or Reduced Lunch,2005,Number,259673
Colorado,Eligible for Free or Reduced Lunch,2005,Percent,0.3326
Colorado,Eligible for Free Lunch,2005,Percent,0.2702
Colorado,Eligible for Reduced Price Lunch,2005,Percent,0.0624
Colorado,Eligible for Free Lunch,2006,Percent,0.2711
Colorado,Eligible for Free or Reduced Lunch,2006,Percent,0.337
Colorado,Eligible for Free Lunch,2005,Number,210939
Colorado,Eligible for Reduced Price Lunch,2005,Number,48734
Colorado,Eligible for Reduced Price Lunch,2006,Percent,0.0659
Colorado,Eligible for Reduced Price Lunch,2006,Number,52323
Colorado,Eligible for Free or Reduced Lunch,2006,Number,267590
Colorado,Eligible for Free Lunch,2006,Number,215267
Colorado,Eligible for Free Lunch,2007,Number,220619
Colorado,Eligible for Free or Reduced Lunch,2007,Number,275560
Colorado,Eligible for Free Lunch,2007,Percent,0.27
Colorado,Eligible for Reduced Price Lunch,2007,Percent,0.07
Colorado,Eligible for Free or Reduced Lunch,2007,Percent,0.34
Colorado,Eligible for Free Lunch,2008,Percent,0.2825
Colorado,Eligible for Free or Reduced Lunch,2008,Percent,0.3536
Colorado,Eligible for Reduced Price Lunch,2008,Percent,0.0711
Colorado,Eligible for Free Lunch,2008,Number,231232
Colorado,Eligible for Free or Reduced Lunch,2008,Number,289404
Colorado,Eligible for Reduced Price Lunch,2008,Number,58172
Colorado,Eligible for Reduced Price Lunch,2013,Number,62848
Colorado,Eligible for Free or Reduced Lunch,2013,Number,367980
Colorado,Eligible for Free Lunch,2013,Number,305132
Colorado,Eligible for Free Lunch,2013,Percent,0.34793
Colorado,Eligible for Reduced Price Lunch,2013,Percent,0.07166
Colorado,Eligible for Free or Reduced Lunch,2013,Percent,0.41959
Colorado,Eligible for Free Lunch,2009,Percent,0.311
Colorado,Eligible for Free or Reduced Lunch,2009,Percent,0.3838
Colorado,Eligible for Reduced Price Lunch,2009,Percent,0.0727
Colorado,Eligible for Reduced Price Lunch,2009,Number,60529
Colorado,Eligible for Free or Reduced Lunch,2009,Number,319428
Colorado,Eligible for Reduced Price Lunch,2010,Number,57168
Colorado,Eligible for Free or Reduced Lunch,2010,Number,336443
Colorado,Eligible for Free Lunch,2010,Number,279275
Colorado,Eligible for Reduced Price Lunch,2007,Number,54941
Colorado,Eligible for Free Lunch,2009,Number,258899
Colorado,Eligible for Free Lunch,2010,Percent,0.331
Colorado,Eligible for Free or Reduced Lunch,2010,Percent,0.399
Colorado,Eligible for Reduced Price Lunch,2010,Percent,0.068
Colorado,Eligible for Free Lunch,2011,Percent,0.3378
Colorado,Eligible for Free or Reduced Lunch,2011,Percent,0.4085
Colorado,Eligible for Free or Reduced Lunch,2011,Number,348930
Colorado,Eligible for Free Lunch,2011,Number,288568
Colorado,Eligible for Free or Reduced Lunch,2012,Number,358899
Colorado,Eligible for Reduced Price Lunch,2012,Number,61732
Colorado,Eligible for Free Lunch,2012,Number,297167
Colorado,Eligible for Free or Reduced Lunch,2012,Percent,0.416
Colorado,Eligible for Free Lunch,2012,Percent,0.344
Colorado,Eligible for Reduced Price Lunch,2012,Percent,0.0715
Colorado,Eligible for Free Lunch,2014,Percent,0.34346
Colorado,Eligible for Free or Reduced Lunch,2014,Percent,0.41593
Colorado,Eligible for Reduced Price Lunch,2014,Percent,0.07246
Colorado,Eligible for Reduced Price Lunch,2014,Number,64418
Colorado,Eligible for Free or Reduced Lunch,2014,Number,369760
Colorado,Eligible for Reduced Price Lunch,2011,Percent,0.0707
Colorado,Eligible for Reduced Price Lunch,2011,Number,60362
Colorado,Eligible for Free Lunch,2014,Number,305342
ACADEMY 20,Eligible for Free Lunch,2014,Number,2156
ACADEMY 20,Eligible for Free or Reduced Lunch,2014,Number,3132
ACADEMY 20,Eligible for Free or Reduced Lunch,2014,Percent,0.12743
ACADEMY 20,Eligible for Reduced Price Lunch,2014,Number,976
ACADEMY 20,Eligible for Reduced Price Lunch,2014,Percent,0.03971
ACADEMY 20,Eligible for Free Lunch,2014,Percent,0.08772
ACADEMY 20,Eligible for Reduced Price Lunch,2012,Percent,0.03512
ACADEMY 20,Eligible for Free Lunch,2012,Percent,0.09027
ACADEMY 20,Eligible for Reduced Price Lunch,2012,Number,842
ACADEMY 20,Eligible for Free or Reduced Lunch,2012,Percent,0.12539
ACADEMY 20,Eligible for Free Lunch,2012,Number,2164
ACADEMY 20,Eligible for Free or Reduced Lunch,2012,Number,3006
ACADEMY 20,Eligible for Reduced Price Lunch,2011,Number,839
ACADEMY 20,Eligible for Free Lunch,2011,Number,1995
ACADEMY 20,Eligible for Reduced Price Lunch,2011,Percent,0.0355
ACADEMY 20,Eligible for Free or Reduced Lunch,2011,Number,2834
ACADEMY 20,Eligible for Free or Reduced Lunch,2011,Percent,0.1198
ACADEMY 20,Eligible for Free Lunch,2011,Percent,0.0843
ACADEMY 20,Eligible for Reduced Price Lunch,2010,Percent,0.034
ACADEMY 20,Eligible for Free or Reduced Lunch,2010,Percent,0.113
ACADEMY 20,Eligible for Free Lunch,2010,Percent,0.079
ACADEMY 20,Eligible for Free Lunch,2010,Number,1827
ACADEMY 20,Eligible for Free or Reduced Lunch,2010,Number,2601
ACADEMY 20,Eligible for Free Lunch,2009,Number,1599
ACADEMY 20,Eligible for Reduced Price Lunch,2010,Number,774
ACADEMY 20,Eligible for Free or Reduced Lunch,2009,Number,2338
ACADEMY 20,Eligible for Reduced Price Lunch,2009,Number,739
ACADEMY 20,Eligible for Reduced Price Lunch,2009,Percent,0.0327
ACADEMY 20,Eligible for Free or Reduced Lunch,2009,Percent,0.1034
ACADEMY 20,Eligible for Reduced Price Lunch,2013,Percent,0.03991
ACADEMY 20,Eligible for Free Lunch,2009,Percent,0.0707
ACADEMY 20,Eligible for Free or Reduced Lunch,2013,Percent,0.13173
ACADEMY 20,Eligible for Free Lunch,2013,Percent,0.09183
ACADEMY 20,Eligible for Free Lunch,2013,Number,2248
ACADEMY 20,Eligible for Free or Reduced Lunch,2013,Number,3225
ACADEMY 20,Eligible for Reduced Price Lunch,2013,Number,977
ACADEMY 20,Eligible for Reduced Price Lunch,2008,Number,715
ACADEMY 20,Eligible for Free or Reduced Lunch,2008,Number,2058
ACADEMY 20,Eligible for Free Lunch,2008,Number,1343
ACADEMY 20,Eligible for Reduced Price Lunch,2008,Percent,0.0326
ACADEMY 20,Eligible for Free or Reduced Lunch,2008,Percent,0.0939
ACADEMY 20,Eligible for Reduced Price Lunch,2007,Percent,0.03
ACADEMY 20,Eligible for Free Lunch,2008,Percent,0.0613
ACADEMY 20,Eligible for Free or Reduced Lunch,2007,Percent,0.08
ACADEMY 20,Eligible for Free Lunch,2007,Percent,0.05
ACADEMY 20,Eligible for Reduced Price Lunch,2007,Number,559
ACADEMY 20,Eligible for Free or Reduced Lunch,2007,Number,1630
ACADEMY 20,Eligible for Free Lunch,2007,Number,1071
ACADEMY 20,Eligible for Free Lunch,2006,Number,881
ACADEMY 20,Eligible for Free or Reduced Lunch,2006,Number,1534
ACADEMY 20,Eligible for Reduced Price Lunch,2006,Number,653
ACADEMY 20,Eligible for Reduced Price Lunch,2006,Percent,0.0308
ACADEMY 20,Eligible for Free or Reduced Lunch,2006,Percent,0.0723
ACADEMY 20,Eligible for Free Lunch,2006,Percent,0.0416
ACADEMY 20,Eligible for Reduced Price Lunch,2005,Percent,0.0223
ACADEMY 20,Eligible for Free Lunch,2005,Percent,0.0364
ACADEMY 20,Eligible for Reduced Price Lunch,2005,Number,458
ACADEMY 20,Eligible for Free or Reduced Lunch,2005,Percent,0.0587
ACADEMY 20,Eligible for Free Lunch,2005,Number,746
ACADEMY 20,Eligible for Free or Reduced Lunch,2005,Number,1204
ACADEMY 20,Eligible for Reduced Price Lunch,2004,Number,501
ACADEMY 20,Eligible for Free or Reduced Lunch,2004,Number,1182
ACADEMY 20,Eligible for Free Lunch,2004,Number,681
ACADEMY 20,Eligible for Reduced Price Lunch,2004,Percent,0.0253
ACADEMY 20,Eligible for Free or Reduced Lunch,2004,Percent,0.0596
ACADEMY 20,Eligible for Reduced Price Lunch,2003,Percent,0.02
ACADEMY 20,Eligible for Free Lunch,2004,Percent,0.0344
ACADEMY 20,Eligible for Free or Reduced Lunch,2003,Percent,0.06
ACADEMY 20,Eligible for Free Lunch,2003,Percent,0.03
ACADEMY 20,Eligible for Free Lunch,2003,Number,627
ACADEMY 20,Eligible for Free or Reduced Lunch,2003,Number,1062
ACADEMY 20,Eligible for Reduced Price Lunch,2003,Number,435
ACADEMY 20,Eligible for Free Lunch,2002,Number,509
ACADEMY 20,Eligible for Free or Reduced Lunch,2002,Number,905
ACADEMY 20,Eligible for Reduced Price Lunch,2002,Number,396
ACADEMY 20,Eligible for Reduced Price Lunch,2002,Percent,0.02118
ACADEMY 20,Eligible for Free or Reduced Lunch,2002,Percent,0.0484
ACADEMY 20,Eligible for Free Lunch,2002,Percent,0.02722
ACADEMY 20,Eligible for Reduced Price Lunch,2001,Percent,0.02244
ACADEMY 20,Eligible for Free or Reduced Lunch,2001,Percent,0.04714
ACADEMY 20,Eligible for Free Lunch,2001,Percent,0.0247
ACADEMY 20,Eligible for Free Lunch,2001,Number,448
ACADEMY 20,Eligible for Free or Reduced Lunch,2001,Number,855
ACADEMY 20,Eligible for Reduced Price Lunch,2001,Number,407
ACADEMY 20,Eligible for Free Lunch,2000,Number,369
ACADEMY 20,Eligible for Free or Reduced Lunch,2000,Number,701
ACADEMY 20,Eligible for Reduced Price Lunch,2000,Number,332
ACADEMY 20,Eligible for Free Lunch,2000,Percent,0.02
ACADEMY 20,Eligible for Free or Reduced Lunch,2000,Percent,0.04
ACADEMY 20,Eligible for Reduced Price Lunch,2000,Percent,0.02
ADAMS COUNTY 14,Eligible for Reduced Price Lunch,2000,Percent,0.11
ADAMS COUNTY 14,Eligible for Free or Reduced Lunch,2000,Percent,0.56
ADAMS COUNTY 14,Eligible for Free Lunch,2000,Percent,0.44
ADAMS COUNTY 14,Eligible for Reduced Price Lunch,2000,Number,735
ADAMS COUNTY 14,Eligible for Free or Reduced Lunch,2000,Number,3580
ADAMS COUNTY 14,Eligible for Free Lunch,2000,Number,2845
ADAMS COUNTY 14,Eligible for Reduced Price Lunch,2001,Number,858
ADAMS COUNTY 14,Eligible for Free or Reduced Lunch,2001,Number,4128
ADAMS COUNTY 14,Eligible for Free Lunch,2001,Number,3270
ADAMS COUNTY 14,Eligible for Free Lunch,2001,Percent,0.49643
ADAMS COUNTY 14,Eligible for Free or Reduced Lunch,2001,Percent,0.62669
ADAMS COUNTY 14,Eligible for Reduced Price Lunch,2001,Percent,0.13026
ADAMS COUNTY 14,Eligible for Free Lunch,2002,Percent,0.5415
ADAMS COUNTY 14,Eligible for Free or Reduced Lunch,2002,Percent,0.63765
ADAMS COUNTY 14,Eligible for Reduced Price Lunch,2002,Percent,0.09615
ADAMS COUNTY 14,Eligible for Reduced Price Lunch,2002,Number,644
ADAMS COUNTY 14,Eligible for Free or Reduced Lunch,2002,Number,4271
ADAMS COUNTY 14,Eligible for Free Lunch,2002,Number,3627
ADAMS COUNTY 14,Eligible for Reduced Price Lunch,2003,Number,541
ADAMS COUNTY 14,Eligible for Free or Reduced Lunch,2003,Number,4514
ADAMS COUNTY 14,Eligible for Free Lunch,2003,Number,3973
ADAMS COUNTY 14,Eligible for Free Lunch,2003,Percent,0.61
ADAMS COUNTY 14,Eligible for Free or Reduced Lunch,2003,Percent,0.69
ADAMS COUNTY 14,Eligible for Free Lunch,2004,Percent,0.6089
ADAMS COUNTY 14,Eligible for Reduced Price Lunch,2003,Percent,0.08
ADAMS COUNTY 14,Eligible for Free or Reduced Lunch,2004,Percent,0.7056
ADAMS COUNTY 14,Eligible for Reduced Price Lunch,2004,Percent,0.0967
ADAMS COUNTY 14,Eligible for Free Lunch,2004,Number,4042
ADAMS COUNTY 14,Eligible for Free or Reduced Lunch,2004,Number,4684
ADAMS COUNTY 14,Eligible for Reduced Price Lunch,2004,Number,642
ADAMS COUNTY 14,Eligible for Free or Reduced Lunch,2005,Number,4906
ADAMS COUNTY 14,Eligible for Free Lunch,2005,Number,4244
ADAMS COUNTY 14,Eligible for Free or Reduced Lunch,2005,Percent,0.7143
ADAMS COUNTY 14,Eligible for Reduced Price Lunch,2005,Number,662
ADAMS COUNTY 14,Eligible for Free Lunch,2005,Percent,0.6179
ADAMS COUNTY 14,Eligible for Reduced Price Lunch,2005,Percent,0.0964
ADAMS COUNTY 14,Eligible for Free Lunch,2006,Percent,0.6319
ADAMS COUNTY 14,Eligible for Free or Reduced Lunch,2006,Percent,0.7372
ADAMS COUNTY 14,Eligible for Reduced Price Lunch,2006,Percent,0.1053
ADAMS COUNTY 14,Eligible for Reduced Price Lunch,2006,Number,720
ADAMS COUNTY 14,Eligible for Free or Reduced Lunch,2006,Number,5041
ADAMS COUNTY 14,Eligible for Free Lunch,2006,Number,4321
ADAMS COUNTY 14,Eligible for Free Lunch,2007,Number,4770
ADAMS COUNTY 14,Eligible for Free or Reduced Lunch,2007,Number,5448
ADAMS COUNTY 14,Eligible for Reduced Price Lunch,2007,Number,678
ADAMS COUNTY 14,Eligible for Free Lunch,2007,Percent,0.71
ADAMS COUNTY 14,Eligible for Free or Reduced Lunch,2007,Percent,0.81
ADAMS COUNTY 14,Eligible for Free Lunch,2008,Percent,0.6852
ADAMS COUNTY 14,Eligible for Reduced Price Lunch,2007,Percent,0.1
ADAMS COUNTY 14,Eligible for Free or Reduced Lunch,2008,Percent,0.797
ADAMS COUNTY 14,Eligible for Reduced Price Lunch,2008,Percent,0.1118
ADAMS COUNTY 14,Eligible for Free Lunch,2008,Number,4836
ADAMS COUNTY 14,Eligible for Free or Reduced Lunch,2008,Number,5625
ADAMS COUNTY 14,Eligible for Reduced Price Lunch,2008,Number,789
ADAMS COUNTY 14,Eligible for Reduced Price Lunch,2013,Number,717
ADAMS COUNTY 14,Eligible for Free or Reduced Lunch,2013,Number,6196
ADAMS COUNTY 14,Eligible for Free Lunch,2013,Number,5479
ADAMS COUNTY 14,Eligible for Free Lunch,2013,Percent,0.72111
ADAMS COUNTY 14,Eligible for Free or Reduced Lunch,2013,Percent,0.81548
ADAMS COUNTY 14,Eligible for Free Lunch,2009,Percent,0.7125
ADAMS COUNTY 14,Eligible for Reduced Price Lunch,2013,Percent,0.09437
ADAMS COUNTY 14,Eligible for Free or Reduced Lunch,2009,Percent,0.8213
ADAMS COUNTY 14,Eligible for Reduced Price Lunch,2009,Percent,0.1089
ADAMS COUNTY 14,Eligible for Reduced Price Lunch,2009,Number,808
ADAMS COUNTY 14,Eligible for Free or Reduced Lunch,2009,Number,6096
ADAMS COUNTY 14,Eligible for Reduced Price Lunch,2010,Number,696
ADAMS COUNTY 14,Eligible for Free Lunch,2009,Number,5288
ADAMS COUNTY 14,Eligible for Free or Reduced Lunch,2010,Number,6330
ADAMS COUNTY 14,Eligible for Free Lunch,2010,Number,5634
ADAMS COUNTY 14,Eligible for Free Lunch,2010,Percent,0.746
ADAMS COUNTY 14,Eligible for Free or Reduced Lunch,2010,Percent,0.839
ADAMS COUNTY 14,Eligible for Reduced Price Lunch,2010,Percent,0.092
ADAMS COUNTY 14,Eligible for Free Lunch,2011,Percent,0.7528
ADAMS COUNTY 14,Eligible for Free or Reduced Lunch,2011,Percent,0.8421
ADAMS COUNTY 14,Eligible for Free or Reduced Lunch,2011,Number,6165
ADAMS COUNTY 14,Eligible for Reduced Price Lunch,2011,Percent,0.0893
ADAMS COUNTY 14,Eligible for Free Lunch,2011,Number,5511
ADAMS COUNTY 14,Eligible for Reduced Price Lunch,2011,Number,654
ADAMS COUNTY 14,Eligible for Free or Reduced Lunch,2012,Number,6158
ADAMS COUNTY 14,Eligible for Free Lunch,2012,Number,5486
ADAMS COUNTY 14,Eligible for Free or Reduced Lunch,2012,Percent,0.82107
ADAMS COUNTY 14,Eligible for Reduced Price Lunch,2012,Number,672
ADAMS COUNTY 14,Eligible for Free Lunch,2012,Percent,0.73147
ADAMS COUNTY 14,Eligible for Reduced Price Lunch,2012,Percent,0.0896
ADAMS COUNTY 14,Eligible for Free Lunch,2014,Percent,0.65322
ADAMS COUNTY 14,Eligible for Reduced Price Lunch,2014,Percent,0.06883
ADAMS COUNTY 14,Eligible for Reduced Price Lunch,2014,Number,522
ADAMS COUNTY 14,Eligible for Free or Reduced Lunch,2014,Percent,0.72205
ADAMS COUNTY 14,Eligible for Free or Reduced Lunch,2014,Number,5476
ADAMS COUNTY 14,Eligible for Free Lunch,2014,Number,4954
ADAMS-ARAPAHOE 28J,Eligible for Free Lunch,2014,Number,25518
ADAMS-ARAPAHOE 28J,Eligible for Free or Reduced Lunch,2014,Number,28969
ADAMS-ARAPAHOE 28J,Eligible for Free or Reduced Lunch,2014,Percent,0.69422
ADAMS-ARAPAHOE 28J,Eligible for Reduced Price Lunch,2014,Number,3451
ADAMS-ARAPAHOE 28J,Eligible for Reduced Price Lunch,2014,Percent,0.0827
ADAMS-ARAPAHOE 28J,Eligible for Free Lunch,2014,Percent,0.61152
ADAMS-ARAPAHOE 28J,Eligible for Reduced Price Lunch,2012,Percent,0.07842
ADAMS-ARAPAHOE 28J,Eligible for Free Lunch,2012,Percent,0.59955
ADAMS-ARAPAHOE 28J,Eligible for Reduced Price Lunch,2012,Number,3124
ADAMS-ARAPAHOE 28J,Eligible for Free or Reduced Lunch,2012,Percent,0.67797
ADAMS-ARAPAHOE 28J,Eligible for Free Lunch,2012,Number,23883
ADAMS-ARAPAHOE 28J,Eligible for Free or Reduced Lunch,2012,Number,27007
ADAMS-ARAPAHOE 28J,Eligible for Reduced Price Lunch,2011,Number,3137
ADAMS-ARAPAHOE 28J,Eligible for Free Lunch,2011,Number,22671
ADAMS-ARAPAHOE 28J,Eligible for Reduced Price Lunch,2011,Percent,0.079
ADAMS-ARAPAHOE 28J,Eligible for Free or Reduced Lunch,2011,Number,25808
ADAMS-ARAPAHOE 28J,Eligible for Free or Reduced Lunch,2011,Percent,0.6501
ADAMS-ARAPAHOE 28J,Eligible for Free Lunch,2011,Percent,0.5711
ADAMS-ARAPAHOE 28J,Eligible for Reduced Price Lunch,2010,Percent,0.074
ADAMS-ARAPAHOE 28J,Eligible for Free or Reduced Lunch,2010,Percent,0.635
ADAMS-ARAPAHOE 28J,Eligible for Free Lunch,2010,Percent,0.561
ADAMS-ARAPAHOE 28J,Eligible for Free Lunch,2010,Number,21645
ADAMS-ARAPAHOE 28J,Eligible for Free or Reduced Lunch,2010,Number,24513
ADAMS-ARAPAHOE 28J,Eligible for Free Lunch,2009,Number,19938
ADAMS-ARAPAHOE 28J,Eligible for Reduced Price Lunch,2010,Number,2868
ADAMS-ARAPAHOE 28J,Eligible for Free or Reduced Lunch,2009,Number,22677
ADAMS-ARAPAHOE 28J,Eligible for Reduced Price Lunch,2009,Number,2739
ADAMS-ARAPAHOE 28J,Eligible for Reduced Price Lunch,2009,Percent,0.0741
ADAMS-ARAPAHOE 28J,Eligible for Free or Reduced Lunch,2009,Percent,0.6134
ADAMS-ARAPAHOE 28J,Eligible for Reduced Price Lunch,2013,Percent,0.07946
ADAMS-ARAPAHOE 28J,Eligible for Free Lunch,2009,Percent,0.5393
ADAMS-ARAPAHOE 28J,Eligible for Free or Reduced Lunch,2013,Percent,0.67657
ADAMS-ARAPAHOE 28J,Eligible for Free Lunch,2013,Percent,0.59711
ADAMS-ARAPAHOE 28J,Eligible for Free Lunch,2013,Number,24408
ADAMS-ARAPAHOE 28J,Eligible for Free or Reduced Lunch,2013,Number,27656
ADAMS-ARAPAHOE 28J,Eligible for Reduced Price Lunch,2013,Number,3248
ADAMS-ARAPAHOE 28J,Eligible for Reduced Price Lunch,2008,Number,2933
ADAMS-ARAPAHOE 28J,Eligible for Free or Reduced Lunch,2008,Number,21167
ADAMS-ARAPAHOE 28J,Eligible for Free Lunch,2008,Number,18234
ADAMS-ARAPAHOE 28J,Eligible for Reduced Price Lunch,2008,Percent,0.0826
ADAMS-ARAPAHOE 28J,Eligible for Free or Reduced Lunch,2008,Percent,0.5959
ADAMS-ARAPAHOE 28J,Eligible for Reduced Price Lunch,2007,Percent,0.08
ADAMS-ARAPAHOE 28J,Eligible for Free Lunch,2008,Percent,0.5133
ADAMS-ARAPAHOE 28J,Eligible for Free or Reduced Lunch,2007,Percent,0.56
ADAMS-ARAPAHOE 28J,Eligible for Free Lunch,2007,Percent,0.48
ADAMS-ARAPAHOE 28J,Eligible for Reduced Price Lunch,2007,Number,2555
ADAMS-ARAPAHOE 28J,Eligible for Free or Reduced Lunch,2007,Number,18792
ADAMS-ARAPAHOE 28J,Eligible for Free Lunch,2007,Number,16237
ADAMS-ARAPAHOE 28J,Eligible for Free Lunch,2006,Number,15632
ADAMS-ARAPAHOE 28J,Eligible for Free or Reduced Lunch,2006,Number,18247
ADAMS-ARAPAHOE 28J,Eligible for Reduced Price Lunch,2006,Number,2615
ADAMS-ARAPAHOE 28J,Eligible for Reduced Price Lunch,2006,Percent,0.0773
ADAMS-ARAPAHOE 28J,Eligible for Free or Reduced Lunch,2006,Percent,0.5394
ADAMS-ARAPAHOE 28J,Eligible for Free Lunch,2006,Percent,0.4621
ADAMS-ARAPAHOE 28J,Eligible for Reduced Price Lunch,2005,Percent,0.0588
ADAMS-ARAPAHOE 28J,Eligible for Free Lunch,2005,Percent,0.4347
ADAMS-ARAPAHOE 28J,Eligible for Reduced Price Lunch,2005,Number,1958
ADAMS-ARAPAHOE 28J,Eligible for Free or Reduced Lunch,2005,Percent,0.4935
ADAMS-ARAPAHOE 28J,Eligible for Free Lunch,2005,Number,14476
ADAMS-ARAPAHOE 28J,Eligible for Free or Reduced Lunch,2005,Number,16434
ADAMS-ARAPAHOE 28J,Eligible for Reduced Price Lunch,2004,Number,1906
ADAMS-ARAPAHOE 28J,Eligible for Free or Reduced Lunch,2004,Number,15563
ADAMS-ARAPAHOE 28J,Eligible for Free Lunch,2004,Number,13657
ADAMS-ARAPAHOE 28J,Eligible for Reduced Price Lunch,2004,Percent,0.0591
ADAMS-ARAPAHOE 28J,Eligible for Free or Reduced Lunch,2004,Percent,0.4826
ADAMS-ARAPAHOE 28J,Eligible for Reduced Price Lunch,2003,Percent,0.06
ADAMS-ARAPAHOE 28J,Eligible for Free Lunch,2004,Percent,0.4235
ADAMS-ARAPAHOE 28J,Eligible for Free or Reduced Lunch,2003,Percent,0.42
ADAMS-ARAPAHOE 28J,Eligible for Free Lunch,2003,Percent,0.36
ADAMS-ARAPAHOE 28J,Eligible for Free Lunch,2003,Number,11690
ADAMS-ARAPAHOE 28J,Eligible for Free or Reduced Lunch,2003,Number,13715
ADAMS-ARAPAHOE 28J,Eligible for Reduced Price Lunch,2003,Number,2025
ADAMS-ARAPAHOE 28J,Eligible for Free Lunch,2002,Number,11355
ADAMS-ARAPAHOE 28J,Eligible for Free or Reduced Lunch,2002,Number,13599
ADAMS-ARAPAHOE 28J,Eligible for Reduced Price Lunch,2002,Number,2244
ADAMS-ARAPAHOE 28J,Eligible for Reduced Price Lunch,2002,Percent,0.06957
ADAMS-ARAPAHOE 28J,Eligible for Free or Reduced Lunch,2002,Percent,0.42164
ADAMS-ARAPAHOE 28J,Eligible for Free Lunch,2002,Percent,0.35206
ADAMS-ARAPAHOE 28J,Eligible for Reduced Price Lunch,2001,Percent,0.07263
ADAMS-ARAPAHOE 28J,Eligible for Free or Reduced Lunch,2001,Percent,0.35603
ADAMS-ARAPAHOE 28J,Eligible for Free Lunch,2001,Percent,0.2834
ADAMS-ARAPAHOE 28J,Eligible for Free Lunch,2001,Number,8935
ADAMS-ARAPAHOE 28J,Eligible for Free or Reduced Lunch,2001,Number,11225
ADAMS-ARAPAHOE 28J,Eligible for Reduced Price Lunch,2001,Number,2290
ADAMS-ARAPAHOE 28J,Eligible for Free Lunch,2000,Number,8619
ADAMS-ARAPAHOE 28J,Eligible for Free or Reduced Lunch,2000,Number,10987
ADAMS-ARAPAHOE 28J,Eligible for Reduced Price Lunch,2000,Number,2368
ADAMS-ARAPAHOE 28J,Eligible for Free Lunch,2000,Percent,0.28
ADAMS-ARAPAHOE 28J,Eligible for Free or Reduced Lunch,2000,Percent,0.36
ADAMS-ARAPAHOE 28J,Eligible for Reduced Price Lunch,2000,Percent,0.08
AGATE 300,Eligible for Reduced Price Lunch,2000,Percent,0.1
AGATE 300,Eligible for Free or Reduced Lunch,2000,Percent,0.34
AGATE 300,Eligible for Free Lunch,2000,Percent,0.24
AGATE 300,Eligible for Reduced Price Lunch,2000,Number,11
AGATE 300,Eligible for Free or Reduced Lunch,2000,Number,37
AGATE 300,Eligible for Free Lunch,2000,Number,26
AGATE 300,Eligible for Reduced Price Lunch,2001,Number,77
AGATE 300,Eligible for Free or Reduced Lunch,2001,Number,114
AGATE 300,Eligible for Free Lunch,2001,Number,37
AGATE 300,Eligible for Free Lunch,2001,Percent,0.2803
AGATE 300,Eligible for Free or Reduced Lunch,2001,Percent,0.86364
AGATE 300,Eligible for Reduced Price Lunch,2001,Percent,0.58333
AGATE 300,Eligible for Free Lunch,2002,Percent,0.34821
AGATE 300,Eligible for Free or Reduced Lunch,2002,Percent,0.35714
AGATE 300,Eligible for Reduced Price Lunch,2002,Percent,0.00893
AGATE 300,Eligible for Reduced Price Lunch,2002,Number,1
AGATE 300,Eligible for Free or Reduced Lunch,2002,Number,40
AGATE 300,Eligible for Free Lunch,2002,Number,39
AGATE 300,Eligible for Reduced Price Lunch,2003,Number,8
AGATE 300,Eligible for Free or Reduced Lunch,2003,Number,40
AGATE 300,Eligible for Free Lunch,2003,Number,32
AGATE 300,Eligible for Free Lunch,2003,Percent,0.36
AGATE 300,Eligible for Free or Reduced Lunch,2003,Percent,0.44
AGATE 300,Eligible for Free Lunch,2004,Percent,0.2967
AGATE 300,Eligible for Reduced Price Lunch,2003,Percent,0.09
AGATE 300,Eligible for Free or Reduced Lunch,2004,Percent,0.3297
AGATE 300,Eligible for Reduced Price Lunch,2004,Percent,0.033
AGATE 300,Eligible for Free Lunch,2004,Number,27
AGATE 300,Eligible for Free or Reduced Lunch,2004,Number,30
AGATE 300,Eligible for Reduced Price Lunch,2004,Number,3
AGATE 300,Eligible for Free or Reduced Lunch,2005,Number,16
AGATE 300,Eligible for Free Lunch,2005,Number,15
AGATE 300,Eligible for Free or Reduced Lunch,2005,Percent,0.2162
AGATE 300,Eligible for Reduced Price Lunch,2005,Number,1
AGATE 300,Eligible for Free Lunch,2005,Percent,0.2027
AGATE 300,Eligible for Reduced Price Lunch,2005,Percent,0.0135
AGATE 300,Eligible for Free Lunch,2006,Percent,0.3115
AGATE 300,Eligible for Free or Reduced Lunch,2006,Percent,0.4426
AGATE 300,Eligible for Reduced Price Lunch,2006,Percent,0.1311
AGATE 300,Eligible for Reduced Price Lunch,2006,Number,8
AGATE 300,Eligible for Free or Reduced Lunch,2006,Number,27
AGATE 300,Eligible for Free Lunch,2006,Number,19
AGATE 300,Eligible for Free Lunch,2007,Number,18
AGATE 300,Eligible for Free or Reduced Lunch,2007,Number,32
AGATE 300,Eligible for Reduced Price Lunch,2007,Number,14
AGATE 300,Eligible for Free Lunch,2007,Percent,0.28
AGATE 300,Eligible for Free or Reduced Lunch,2007,Percent,0.5
AGATE 300,Eligible for Free Lunch,2008,Percent,0.4286
AGATE 300,Eligible for Reduced Price Lunch,2007,Percent,0.22
AGATE 300,Eligible for Free or Reduced Lunch,2008,Percent,0.5179
AGATE 300,Eligible for Reduced Price Lunch,2008,Percent,0.0893
AGATE 300,Eligible for Free Lunch,2008,Number,24
AGATE 300,Eligible for Free or Reduced Lunch,2008,Number,29
AGATE 300,Eligible for Reduced Price Lunch,2008,Number,5
AGATE 300,Eligible for Reduced Price Lunch,2013,Number,3
AGATE 300,Eligible for Free or Reduced Lunch,2013,Number,6
AGATE 300,Eligible for Free Lunch,2013,Number,3
AGATE 300,Eligible for Free Lunch,2013,Percent,0.25
AGATE 300,Eligible for Free or Reduced Lunch,2013,Percent,0.5
AGATE 300,Eligible for Free Lunch,2009,Percent,0.4222
AGATE 300,Eligible for Reduced Price Lunch,2013,Percent,0.25
AGATE 300,Eligible for Free or Reduced Lunch,2009,Percent,0.5333
AGATE 300,Eligible for Reduced Price Lunch,2009,Percent,0.1111
AGATE 300,Eligible for Reduced Price Lunch,2009,Number,5
AGATE 300,Eligible for Free or Reduced Lunch,2009,Number,24
AGATE 300,Eligible for Reduced Price Lunch,2010,Number,5
AGATE 300,Eligible for Free Lunch,2009,Number,19
AGATE 300,Eligible for Free or Reduced Lunch,2010,Number,18
AGATE 300,Eligible for Free Lunch,2010,Number,13
AGATE 300,Eligible for Free Lunch,2010,Percent,0.394
AGATE 300,Eligible for Free or Reduced Lunch,2010,Percent,0.545
AGATE 300,Eligible for Reduced Price Lunch,2010,Percent,0.152
AGATE 300,Eligible for Free Lunch,2011,Percent,0.5556
AGATE 300,Eligible for Free or Reduced Lunch,2011,Percent,0.7778
AGATE 300,Eligible for Free or Reduced Lunch,2011,Number,7
AGATE 300,Eligible for Reduced Price Lunch,2011,Percent,0.2222
AGATE 300,Eligible for Free Lunch,2011,Number,5
AGATE 300,Eligible for Reduced Price Lunch,2011,Number,2
AGATE 300,Eligible for Free or Reduced Lunch,2012,Number,7
AGATE 300,Eligible for Free Lunch,2012,Number,5
AGATE 300,Eligible for Free or Reduced Lunch,2012,Percent,0.7
AGATE 300,Eligible for Reduced Price Lunch,2012,Number,2
AGATE 300,Eligible for Free Lunch,2012,Percent,0.5
AGATE 300,Eligible for Reduced Price Lunch,2012,Percent,0.2
AGATE 300,Eligible for Free Lunch,2014,Percent,0.4
AGATE 300,Eligible for Reduced Price Lunch,2014,Percent,0.1
AGATE 300,Eligible for Reduced Price Lunch,2014,Number,1
AGATE 300,Eligible for Free or Reduced Lunch,2014,Percent,0.5
AGATE 300,Eligible for Free or Reduced Lunch,2014,Number,5
AGATE 300,Eligible for Free Lunch,2014,Number,4
AGUILAR REORGANIZED 6,Eligible for Free Lunch,2014,Number,93
AGUILAR REORGANIZED 6,Eligible for Free or Reduced Lunch,2014,Number,106
AGUILAR REORGANIZED 6,Eligible for Free or Reduced Lunch,2014,Percent,0.81538
AGUILAR REORGANIZED 6,Eligible for Reduced Price Lunch,2014,Number,13
AGUILAR REORGANIZED 6,Eligible for Reduced Price Lunch,2014,Percent,0.1
AGUILAR REORGANIZED 6,Eligible for Free Lunch,2014,Percent,0.71538
AGUILAR REORGANIZED 6,Eligible for Reduced Price Lunch,2012,Percent,0.02062
AGUILAR REORGANIZED 6,Eligible for Free Lunch,2012,Percent,0.68041
AGUILAR REORGANIZED 6,Eligible for Reduced Price Lunch,2012,Number,2
AGUILAR REORGANIZED 6,Eligible for Free or Reduced Lunch,2012,Percent,0.70103
AGUILAR REORGANIZED 6,Eligible for Free Lunch,2012,Number,66
AGUILAR REORGANIZED 6,Eligible for Free or Reduced Lunch,2012,Number,68
AGUILAR REORGANIZED 6,Eligible for Reduced Price Lunch,2011,Number,0
AGUILAR REORGANIZED 6,Eligible for Free Lunch,2011,Number,22
AGUILAR REORGANIZED 6,Eligible for Reduced Price Lunch,2011,Percent,0
AGUILAR REORGANIZED 6,Eligible for Free or Reduced Lunch,2011,Number,22
AGUILAR REORGANIZED 6,Eligible for Free or Reduced Lunch,2011,Percent,0.234
AGUILAR REORGANIZED 6,Eligible for Free Lunch,2011,Percent,0.234
AGUILAR REORGANIZED 6,Eligible for Reduced Price Lunch,2010,Percent,0.25
AGUILAR REORGANIZED 6,Eligible for Free or Reduced Lunch,2010,Percent,0.786
AGUILAR REORGANIZED 6,Eligible for Free Lunch,2010,Percent,0.536
AGUILAR REORGANIZED 6,Eligible for Free Lunch,2010,Number,60
AGUILAR REORGANIZED 6,Eligible for Free or Reduced Lunch,2010,Number,88
AGUILAR REORGANIZED 6,Eligible for Free Lunch,2009,Number,84
AGUILAR REORGANIZED 6,Eligible for Reduced Price Lunch,2010,Number,28
AGUILAR REORGANIZED 6,Eligible for Free or Reduced Lunch,2009,Number,98
AGUILAR REORGANIZED 6,Eligible for Reduced Price Lunch,2009,Number,14
AGUILAR REORGANIZED 6,Eligible for Reduced Price Lunch,2009,Percent,0.1053
AGUILAR REORGANIZED 6,Eligible for Free or Reduced Lunch,2009,Percent,0.7368
AGUILAR REORGANIZED 6,Eligible for Reduced Price Lunch,2013,Percent,0
AGUILAR REORGANIZED 6,Eligible for Free Lunch,2009,Percent,0.6316
AGUILAR REORGANIZED 6,Eligible for Free or Reduced Lunch,2013,Percent,0.27103
AGUILAR REORGANIZED 6,Eligible for Free Lunch,2013,Percent,0.27103
AGUILAR REORGANIZED 6,Eligible for Free Lunch,2013,Number,29
AGUILAR REORGANIZED 6,Eligible for Free or Reduced Lunch,2013,Number,29
AGUILAR REORGANIZED 6,Eligible for Reduced Price Lunch,2013,Number,0
AGUILAR REORGANIZED 6,Eligible for Reduced Price Lunch,2008,Number,4
AGUILAR REORGANIZED 6,Eligible for Free or Reduced Lunch,2008,Number,94
AGUILAR REORGANIZED 6,Eligible for Free Lunch,2008,Number,90
AGUILAR REORGANIZED 6,Eligible for Reduced Price Lunch,2008,Percent,0.0296
AGUILAR REORGANIZED 6,Eligible for Free or Reduced Lunch,2008,Percent,0.6963
AGUILAR REORGANIZED 6,Eligible for Reduced Price Lunch,2007,Percent,0.05
AGUILAR REORGANIZED 6,Eligible for Free Lunch,2008,Percent,0.6667
AGUILAR REORGANIZED 6,Eligible for Free or Reduced Lunch,2007,Percent,0.71
AGUILAR REORGANIZED 6,Eligible for Free Lunch,2007,Percent,0.66
AGUILAR REORGANIZED 6,Eligible for Reduced Price Lunch,2007,Number,7
AGUILAR REORGANIZED 6,Eligible for Free or Reduced Lunch,2007,Number,109
AGUILAR REORGANIZED 6,Eligible for Free Lunch,2007,Number,102
AGUILAR REORGANIZED 6,Eligible for Free Lunch,2006,Number,98
AGUILAR REORGANIZED 6,Eligible for Free or Reduced Lunch,2006,Number,105
AGUILAR REORGANIZED 6,Eligible for Reduced Price Lunch,2006,Number,7
AGUILAR REORGANIZED 6,Eligible for Reduced Price Lunch,2006,Percent,0.0435
AGUILAR REORGANIZED 6,Eligible for Free or Reduced Lunch,2006,Percent,0.6522
AGUILAR REORGANIZED 6,Eligible for Free Lunch,2006,Percent,0.6087
AGUILAR REORGANIZED 6,Eligible for Reduced Price Lunch,2005,Percent,0.0854
AGUILAR REORGANIZED 6,Eligible for Free Lunch,2005,Percent,0.6768
AGUILAR REORGANIZED 6,Eligible for Reduced Price Lunch,2005,Number,14
AGUILAR REORGANIZED 6,Eligible for Free or Reduced Lunch,2005,Percent,0.7622
AGUILAR REORGANIZED 6,Eligible for Free Lunch,2005,Number,111
AGUILAR REORGANIZED 6,Eligible for Free or Reduced Lunch,2005,Number,125
AGUILAR REORGANIZED 6,Eligible for Reduced Price Lunch,2004,Number,12
AGUILAR REORGANIZED 6,Eligible for Free or Reduced Lunch,2004,Number,107
AGUILAR REORGANIZED 6,Eligible for Free Lunch,2004,Number,95
AGUILAR REORGANIZED 6,Eligible for Reduced Price Lunch,2004,Percent,0.0795
AGUILAR REORGANIZED 6,Eligible for Free or Reduced Lunch,2004,Percent,0.7086
AGUILAR REORGANIZED 6,Eligible for Reduced Price Lunch,2003,Percent,0.12
AGUILAR REORGANIZED 6,Eligible for Free Lunch,2004,Percent,0.6291
AGUILAR REORGANIZED 6,Eligible for Free or Reduced Lunch,2003,Percent,0.68
AGUILAR REORGANIZED 6,Eligible for Free Lunch,2003,Percent,0.56
AGUILAR REORGANIZED 6,Eligible for Free Lunch,2003,Number,95
AGUILAR REORGANIZED 6,Eligible for Free or Reduced Lunch,2003,Number,116
AGUILAR REORGANIZED 6,Eligible for Reduced Price Lunch,2003,Number,21
AGUILAR REORGANIZED 6,Eligible for Free Lunch,2002,Number,77
AGUILAR REORGANIZED 6,Eligible for Free or Reduced Lunch,2002,Number,111
AGUILAR REORGANIZED 6,Eligible for Reduced Price Lunch,2002,Number,34
AGUILAR REORGANIZED 6,Eligible for Reduced Price Lunch,2002,Percent,0.21384
AGUILAR REORGANIZED 6,Eligible for Free or Reduced Lunch,2002,Percent,0.69811
AGUILAR REORGANIZED 6,Eligible for Free Lunch,2002,Percent,0.48428
AGUILAR REORGANIZED 6,Eligible for Reduced Price Lunch,2001,Percent,0.14535
AGUILAR REORGANIZED 6,Eligible for Free or Reduced Lunch,2001,Percent,0.63372
AGUILAR REORGANIZED 6,Eligible for Free Lunch,2001,Percent,0.48837
AGUILAR REORGANIZED 6,Eligible for Free Lunch,2001,Number,84
AGUILAR REORGANIZED 6,Eligible for Free or Reduced Lunch,2001,Number,109
AGUILAR REORGANIZED 6,Eligible for Reduced Price Lunch,2001,Number,25
AGUILAR REORGANIZED 6,Eligible for Free Lunch,2000,Number,74
AGUILAR REORGANIZED 6,Eligible for Free or Reduced Lunch,2000,Number,97
AGUILAR REORGANIZED 6,Eligible for Reduced Price Lunch,2000,Number,23
AGUILAR REORGANIZED 6,Eligible for Free Lunch,2000,Percent,0.5
AGUILAR REORGANIZED 6,Eligible for Free or Reduced Lunch,2000,Percent,0.65
AGUILAR REORGANIZED 6,Eligible for Reduced Price Lunch,2000,Percent,0.15
AKRON R-1,Eligible for Reduced Price Lunch,2000,Percent,0.16
AKRON R-1,Eligible for Free or Reduced Lunch,2000,Percent,0.38
AKRON R-1,Eligible for Free Lunch,2000,Percent,0.22
AKRON R-1,Eligible for Reduced Price Lunch,2000,Number,73
AKRON R-1,Eligible for Free or Reduced Lunch,2000,Number,176
AKRON R-1,Eligible for Free Lunch,2000,Number,103
AKRON R-1,Eligible for Reduced Price Lunch,2001,Number,88
AKRON R-1,Eligible for Free or Reduced Lunch,2001,Number,181
AKRON R-1,Eligible for Free Lunch,2001,Number,93
AKRON R-1,Eligible for Free Lunch,2001,Percent,0.19957
AKRON R-1,Eligible for Free or Reduced Lunch,2001,Percent,0.38841
AKRON R-1,Eligible for Reduced Price Lunch,2001,Percent,0.18884
AKRON R-1,Eligible for Free Lunch,2002,Percent,0.24783
AKRON R-1,Eligible for Free or Reduced Lunch,2002,Percent,0.36957
AKRON R-1,Eligible for Reduced Price Lunch,2002,Percent,0.12174
AKRON R-1,Eligible for Reduced Price Lunch,2002,Number,56
AKRON R-1,Eligible for Free or Reduced Lunch,2002,Number,170
AKRON R-1,Eligible for Free Lunch,2002,Number,114
AKRON R-1,Eligible for Reduced Price Lunch,2003,Number,56
AKRON R-1,Eligible for Free or Reduced Lunch,2003,Number,174
AKRON R-1,Eligible for Free Lunch,2003,Number,118
AKRON R-1,Eligible for Free Lunch,2003,Percent,0.26
AKRON R-1,Eligible for Free or Reduced Lunch,2003,Percent,0.38
AKRON R-1,Eligible for Free Lunch,2004,Percent,0.2766
AKRON R-1,Eligible for Reduced Price Lunch,2003,Percent,0.12
AKRON R-1,Eligible for Free or Reduced Lunch,2004,Percent,0.4161
AKRON R-1,Eligible for Reduced Price Lunch,2004,Percent,0.1395
AKRON R-1,Eligible for Free Lunch,2004,Number,117
AKRON R-1,Eligible for Free or Reduced Lunch,2004,Number,176
AKRON R-1,Eligible for Reduced Price Lunch,2004,Number,59
AKRON R-1,Eligible for Free or Reduced Lunch,2005,Number,168
AKRON R-1,Eligible for Free Lunch,2005,Number,98
AKRON R-1,Eligible for Free or Reduced Lunch,2005,Percent,0.3871
AKRON R-1,Eligible for Reduced Price Lunch,2005,Number,70
AKRON R-1,Eligible for Free Lunch,2005,Percent,0.2258
AKRON R-1,Eligible for Reduced Price Lunch,2005,Percent,0.1613
AKRON R-1,Eligible for Free Lunch,2006,Percent,0.2433
AKRON R-1,Eligible for Free or Reduced Lunch,2006,Percent,0.4174
AKRON R-1,Eligible for Reduced Price Lunch,2006,Percent,0.1741
AKRON R-1,Eligible for Reduced Price Lunch,2006,Number,78
AKRON R-1,Eligible for Free or Reduced Lunch,2006,Number,187
AKRON R-1,Eligible for Free Lunch,2006,Number,109
AKRON R-1,Eligible for Free Lunch,2007,Number,111
AKRON R-1,Eligible for Free or Reduced Lunch,2007,Number,172
AKRON R-1,Eligible for Reduced Price Lunch,2007,Number,61
AKRON R-1,Eligible for Free Lunch,2007,Percent,0.28
AKRON R-1,Eligible for Free or Reduced Lunch,2007,Percent,0.43
AKRON R-1,Eligible for Free Lunch,2008,Percent,0.289
AKRON R-1,Eligible for Reduced Price Lunch,2007,Percent,0.15
AKRON R-1,Eligible for Free or Reduced Lunch,2008,Percent,0.4399
AKRON R-1,Eligible for Reduced Price Lunch,2008,Percent,0.1509
AKRON R-1,Eligible for Free Lunch,2008,Number,113
AKRON R-1,Eligible for Free or Reduced Lunch,2008,Number,172
AKRON R-1,Eligible for Reduced Price Lunch,2008,Number,59
AKRON R-1,Eligible for Reduced Price Lunch,2013,Number,54
AKRON R-1,Eligible for Free or Reduced Lunch,2013,Number,159
AKRON R-1,Eligible for Free Lunch,2013,Number,105
AKRON R-1,Eligible for Free Lunch,2013,Percent,0.2933
AKRON R-1,Eligible for Free or Reduced Lunch,2013,Percent,0.44413
AKRON R-1,Eligible for Free Lunch,2009,Percent,0.3542
AKRON R-1,Eligible for Reduced Price Lunch,2013,Percent,0.15084
AKRON R-1,Eligible for Free or Reduced Lunch,2009,Percent,0.4896
AKRON R-1,Eligible for Reduced Price Lunch,2009,Percent,0.1354
AKRON R-1,Eligible for Reduced Price Lunch,2009,Number,52
AKRON R-1,Eligible for Free or Reduced Lunch,2009,Number,188
AKRON R-1,Eligible for Reduced Price Lunch,2010,Number,70
AKRON R-1,Eligible for Free Lunch,2009,Number,136
AKRON R-1,Eligible for Free or Reduced Lunch,2010,Number,192
AKRON R-1,Eligible for Free Lunch,2010,Number,122
AKRON R-1,Eligible for Free Lunch,2010,Percent,0.32
AKRON R-1,Eligible for Free or Reduced Lunch,2010,Percent,0.504
AKRON R-1,Eligible for Reduced Price Lunch,2010,Percent,0.184
AKRON R-1,Eligible for Free Lunch,2011,Percent,0.3036
AKRON R-1,Eligible for Free or Reduced Lunch,2011,Percent,0.4763
AKRON R-1,Eligible for Free or Reduced Lunch,2011,Number,171
AKRON R-1,Eligible for Reduced Price Lunch,2011,Percent,0.1727
AKRON R-1,Eligible for Free Lunch,2011,Number,109
AKRON R-1,Eligible for Reduced Price Lunch,2011,Number,62
AKRON R-1,Eligible for Free or Reduced Lunch,2012,Number,163
AKRON R-1,Eligible for Free Lunch,2012,Number,92
AKRON R-1,Eligible for Free or Reduced Lunch,2012,Percent,0.46045
AKRON R-1,Eligible for Reduced Price Lunch,2012,Number,71
AKRON R-1,Eligible for Free Lunch,2012,Percent,0.25989
AKRON R-1,Eligible for Reduced Price Lunch,2012,Percent,0.20056
AKRON R-1,Eligible for Free Lunch,2014,Percent,0.31653
AKRON R-1,Eligible for Reduced Price Lunch,2014,Percent,0.16246
AKRON R-1,Eligible for Reduced Price Lunch,2014,Number,58
AKRON R-1,Eligible for Free or Reduced Lunch,2014,Percent,0.47899
AKRON R-1,Eligible for Free or Reduced Lunch,2014,Number,171
AKRON R-1,Eligible for Free Lunch,2014,Number,113
ALAMOSA RE-11J,Eligible for Free Lunch,2014,Number,1256
ALAMOSA RE-11J,Eligible for Free or Reduced Lunch,2014,Number,1449
ALAMOSA RE-11J,Eligible for Free or Reduced Lunch,2014,Percent,0.67837
ALAMOSA RE-11J,Eligible for Reduced Price Lunch,2014,Number,193
ALAMOSA RE-11J,Eligible for Reduced Price Lunch,2014,Percent,0.09036
ALAMOSA RE-11J,Eligible for Free Lunch,2014,Percent,0.58801
ALAMOSA RE-11J,Eligible for Reduced Price Lunch,2012,Percent,0.12597
ALAMOSA RE-11J,Eligible for Free Lunch,2012,Percent,0.61921
ALAMOSA RE-11J,Eligible for Reduced Price Lunch,2012,Number,261
ALAMOSA RE-11J,Eligible for Free or Reduced Lunch,2012,Percent,0.74517
ALAMOSA RE-11J,Eligible for Free Lunch,2012,Number,1283
ALAMOSA RE-11J,Eligible for Free or Reduced Lunch,2012,Number,1544
ALAMOSA RE-11J,Eligible for Reduced Price Lunch,2011,Number,265
ALAMOSA RE-11J,Eligible for Free Lunch,2011,Number,1246
ALAMOSA RE-11J,Eligible for Reduced Price Lunch,2011,Percent,0.1263
ALAMOSA RE-11J,Eligible for Free or Reduced Lunch,2011,Number,1511
ALAMOSA RE-11J,Eligible for Free or Reduced Lunch,2011,Percent,0.7202
ALAMOSA RE-11J,Eligible for Free Lunch,2011,Percent,0.5939
ALAMOSA RE-11J,Eligible for Reduced Price Lunch,2010,Percent,0.129
ALAMOSA RE-11J,Eligible for Free or Reduced Lunch,2010,Percent,0.703
ALAMOSA RE-11J,Eligible for Free Lunch,2010,Percent,0.574
ALAMOSA RE-11J,Eligible for Free Lunch,2010,Number,1194
ALAMOSA RE-11J,Eligible for Free or Reduced Lunch,2010,Number,1462
ALAMOSA RE-11J,Eligible for Free Lunch,2009,Number,1127
ALAMOSA RE-11J,Eligible for Reduced Price Lunch,2010,Number,268
ALAMOSA RE-11J,Eligible for Free or Reduced Lunch,2009,Number,1390
ALAMOSA RE-11J,Eligible for Reduced Price Lunch,2009,Number,263
ALAMOSA RE-11J,Eligible for Reduced Price Lunch,2009,Percent,0.1285
ALAMOSA RE-11J,Eligible for Free or Reduced Lunch,2009,Percent,0.6794
ALAMOSA RE-11J,Eligible for Reduced Price Lunch,2013,Percent,0.1305
ALAMOSA RE-11J,Eligible for Free Lunch,2009,Percent,0.5508
ALAMOSA RE-11J,Eligible for Free or Reduced Lunch,2013,Percent,0.73314
ALAMOSA RE-11J,Eligible for Free Lunch,2013,Percent,0.60264
ALAMOSA RE-11J,Eligible for Free Lunch,2013,Number,1233
ALAMOSA RE-11J,Eligible for Free or Reduced Lunch,2013,Number,1500
ALAMOSA RE-11J,Eligible for Reduced Price Lunch,2013,Number,267
ALAMOSA RE-11J,Eligible for Reduced Price Lunch,2008,Number,244
ALAMOSA RE-11J,Eligible for Free or Reduced Lunch,2008,Number,1380
ALAMOSA RE-11J,Eligible for Free Lunch,2008,Number,1136
ALAMOSA RE-11J,Eligible for Reduced Price Lunch,2008,Percent,0.1151
ALAMOSA RE-11J,Eligible for Free or Reduced Lunch,2008,Percent,0.6513
ALAMOSA RE-11J,Eligible for Reduced Price Lunch,2007,Percent,0.13
ALAMOSA RE-11J,Eligible for Free Lunch,2008,Percent,0.5361
ALAMOSA RE-11J,Eligible for Free or Reduced Lunch,2007,Percent,0.63
ALAMOSA RE-11J,Eligible for Free Lunch,2007,Percent,0.5
ALAMOSA RE-11J,Eligible for Reduced Price Lunch,2007,Number,272
ALAMOSA RE-11J,Eligible for Free or Reduced Lunch,2007,Number,1352
ALAMOSA RE-11J,Eligible for Free Lunch,2007,Number,1080
ALAMOSA RE-11J,Eligible for Free Lunch,2006,Number,1098
ALAMOSA RE-11J,Eligible for Free or Reduced Lunch,2006,Number,1331
ALAMOSA RE-11J,Eligible for Reduced Price Lunch,2006,Number,233
ALAMOSA RE-11J,Eligible for Reduced Price Lunch,2006,Percent,0.1085
ALAMOSA RE-11J,Eligible for Free or Reduced Lunch,2006,Percent,0.6196
ALAMOSA RE-11J,Eligible for Free Lunch,2006,Percent,0.5112
ALAMOSA RE-11J,Eligible for Reduced Price Lunch,2005,Percent,0.1011
ALAMOSA RE-11J,Eligible for Free Lunch,2005,Percent,0.4949
ALAMOSA RE-11J,Eligible for Reduced Price Lunch,2005,Number,229
ALAMOSA RE-11J,Eligible for Free or Reduced Lunch,2005,Percent,0.596
ALAMOSA RE-11J,Eligible for Free Lunch,2005,Number,1121
ALAMOSA RE-11J,Eligible for Free or Reduced Lunch,2005,Number,1350
ALAMOSA RE-11J,Eligible for Reduced Price Lunch,2004,Number,241
ALAMOSA RE-11J,Eligible for Free or Reduced Lunch,2004,Number,1351
ALAMOSA RE-11J,Eligible for Free Lunch,2004,Number,1110
ALAMOSA RE-11J,Eligible for Reduced Price Lunch,2004,Percent,0.107
ALAMOSA RE-11J,Eligible for Free or Reduced Lunch,2004,Percent,0.5999
ALAMOSA RE-11J,Eligible for Reduced Price Lunch,2003,Percent,0.09
ALAMOSA RE-11J,Eligible for Free Lunch,2004,Percent,0.4929
ALAMOSA RE-11J,Eligible for Free or Reduced Lunch,2003,Percent,0.59
ALAMOSA RE-11J,Eligible for Free Lunch,2003,Percent,0.5
ALAMOSA RE-11J,Eligible for Free Lunch,2003,Number,1218
ALAMOSA RE-11J,Eligible for Free or Reduced Lunch,2003,Number,1451
ALAMOSA RE-11J,Eligible for Reduced Price Lunch,2003,Number,233
ALAMOSA RE-11J,Eligible for Free Lunch,2002,Number,1013
ALAMOSA RE-11J,Eligible for Free or Reduced Lunch,2002,Number,1211
ALAMOSA RE-11J,Eligible for Reduced Price Lunch,2002,Number,198
ALAMOSA RE-11J,Eligible for Reduced Price Lunch,2002,Percent,0.08684
ALAMOSA RE-11J,Eligible for Free or Reduced Lunch,2002,Percent,0.53114
ALAMOSA RE-11J,Eligible for Free Lunch,2002,Percent,0.4443
ALAMOSA RE-11J,Eligible for Reduced Price Lunch,2001,Percent,0.0915
ALAMOSA RE-11J,Eligible for Free or Reduced Lunch,2001,Percent,0.54984
ALAMOSA RE-11J,Eligible for Free Lunch,2001,Percent,0.45833
ALAMOSA RE-11J,Eligible for Free Lunch,2001,Number,1122
ALAMOSA RE-11J,Eligible for Free or Reduced Lunch,2001,Number,1346
ALAMOSA RE-11J,Eligible for Reduced Price Lunch,2001,Number,224
ALAMOSA RE-11J,Eligible for Free Lunch,2000,Number,1053
ALAMOSA RE-11J,Eligible for Free or Reduced Lunch,2000,Number,1318
ALAMOSA RE-11J,Eligible for Reduced Price Lunch,2000,Number,265
ALAMOSA RE-11J,Eligible for Free Lunch,2000,Percent,0.43
ALAMOSA RE-11J,Eligible for Free or Reduced Lunch,2000,Percent,0.54
ALAMOSA RE-11J,Eligible for Reduced Price Lunch,2000,Percent,0.11
ARCHULETA COUNTY 50 JT,Eligible for Reduced Price Lunch,2000,Percent,0.13
ARCHULETA COUNTY 50 JT,Eligible for Free or Reduced Lunch,2000,Percent,0.36
ARCHULETA COUNTY 50 JT,Eligible for Free Lunch,2000,Percent,0.23
ARCHULETA COUNTY 50 JT,Eligible for Reduced Price Lunch,2000,Number,195
ARCHULETA COUNTY 50 JT,Eligible for Free or Reduced Lunch,2000,Number,554
ARCHULETA COUNTY 50 JT,Eligible for Free Lunch,2000,Number,359
ARCHULETA COUNTY 50 JT,Eligible for Reduced Price Lunch,2001,Number,143
ARCHULETA COUNTY 50 JT,Eligible for Free or Reduced Lunch,2001,Number,514
ARCHULETA COUNTY 50 JT,Eligible for Free Lunch,2001,Number,371
ARCHULETA COUNTY 50 JT,Eligible for Free Lunch,2001,Percent,0.23706
ARCHULETA COUNTY 50 JT,Eligible for Free or Reduced Lunch,2001,Percent,0.32843
ARCHULETA COUNTY 50 JT,Eligible for Reduced Price Lunch,2001,Percent,0.09137
ARCHULETA COUNTY 50 JT,Eligible for Free Lunch,2002,Percent,0.22733
ARCHULETA COUNTY 50 JT,Eligible for Free or Reduced Lunch,2002,Percent,0.33123
ARCHULETA COUNTY 50 JT,Eligible for Reduced Price Lunch,2002,Percent,0.1039
ARCHULETA COUNTY 50 JT,Eligible for Reduced Price Lunch,2002,Number,165
ARCHULETA COUNTY 50 JT,Eligible for Free or Reduced Lunch,2002,Number,526
ARCHULETA COUNTY 50 JT,Eligible for Free Lunch,2002,Number,361
ARCHULETA COUNTY 50 JT,Eligible for Reduced Price Lunch,2003,Number,181
ARCHULETA COUNTY 50 JT,Eligible for Free or Reduced Lunch,2003,Number,606
ARCHULETA COUNTY 50 JT,Eligible for Free Lunch,2003,Number,425
ARCHULETA COUNTY 50 JT,Eligible for Free Lunch,2003,Percent,0.27
ARCHULETA COUNTY 50 JT,Eligible for Free or Reduced Lunch,2003,Percent,0.39
ARCHULETA COUNTY 50 JT,Eligible for Free Lunch,2004,Percent,0.2936
ARCHULETA COUNTY 50 JT,Eligible for Reduced Price Lunch,2003,Percent,0.12
ARCHULETA COUNTY 50 JT,Eligible for Free or Reduced Lunch,2004,Percent,0.3982
ARCHULETA COUNTY 50 JT,Eligible for Reduced Price Lunch,2004,Percent,0.1046
ARCHULETA COUNTY 50 JT,Eligible for Free Lunch,2004,Number,463
ARCHULETA COUNTY 50 JT,Eligible for Free or Reduced Lunch,2004,Number,628
ARCHULETA COUNTY 50 JT,Eligible for Reduced Price Lunch,2004,Number,165
ARCHULETA COUNTY 50 JT,Eligible for Free or Reduced Lunch,2005,Number,607
ARCHULETA COUNTY 50 JT,Eligible for Free Lunch,2005,Number,432
ARCHULETA COUNTY 50 JT,Eligible for Free or Reduced Lunch,2005,Percent,0.3592
ARCHULETA COUNTY 50 JT,Eligible for Reduced Price Lunch,2005,Number,175
ARCHULETA COUNTY 50 JT,Eligible for Free Lunch,2005,Percent,0.2556
ARCHULETA COUNTY 50 JT,Eligible for Reduced Price Lunch,2005,Percent,0.1036
ARCHULETA COUNTY 50 JT,Eligible for Free Lunch,2006,Percent,0.2854
ARCHULETA COUNTY 50 JT,Eligible for Free or Reduced Lunch,2006,Percent,0.4162
ARCHULETA COUNTY 50 JT,Eligible for Reduced Price Lunch,2006,Percent,0.1308
ARCHULETA COUNTY 50 JT,Eligible for Reduced Price Lunch,2006,Number,221
ARCHULETA COUNTY 50 JT,Eligible for Free or Reduced Lunch,2006,Number,703
ARCHULETA COUNTY 50 JT,Eligible for Free Lunch,2006,Number,482
ARCHULETA COUNTY 50 JT,Eligible for Free Lunch,2007,Number,471
ARCHULETA COUNTY 50 JT,Eligible for Free or Reduced Lunch,2007,Number,677
ARCHULETA COUNTY 50 JT,Eligible for Reduced Price Lunch,2007,Number,206
ARCHULETA COUNTY 50 JT,Eligible for Free Lunch,2007,Percent,0.3
ARCHULETA COUNTY 50 JT,Eligible for Free or Reduced Lunch,2007,Percent,0.44
ARCHULETA COUNTY 50 JT,Eligible for Free Lunch,2008,Percent,0.3325
ARCHULETA COUNTY 50 JT,Eligible for Reduced Price Lunch,2007,Percent,0.13
ARCHULETA COUNTY 50 JT,Eligible for Free or Reduced Lunch,2008,Percent,0.4616
ARCHULETA COUNTY 50 JT,Eligible for Reduced Price Lunch,2008,Percent,0.1292
ARCHULETA COUNTY 50 JT,Eligible for Free Lunch,2008,Number,507
ARCHULETA COUNTY 50 JT,Eligible for Free or Reduced Lunch,2008,Number,704
ARCHULETA COUNTY 50 JT,Eligible for Reduced Price Lunch,2008,Number,197
ARCHULETA COUNTY 50 JT,Eligible for Reduced Price Lunch,2013,Number,151
ARCHULETA COUNTY 50 JT,Eligible for Free or Reduced Lunch,2013,Number,663
ARCHULETA COUNTY 50 JT,Eligible for Free Lunch,2013,Number,512
ARCHULETA COUNTY 50 JT,Eligible for Free Lunch,2013,Percent,0.387
ARCHULETA COUNTY 50 JT,Eligible for Free or Reduced Lunch,2013,Percent,0.50113
ARCHULETA COUNTY 50 JT,Eligible for Free Lunch,2009,Percent,0.3777
ARCHULETA COUNTY 50 JT,Eligible for Reduced Price Lunch,2013,Percent,0.11413
ARCHULETA COUNTY 50 JT,Eligible for Free or Reduced Lunch,2009,Percent,0.5063
ARCHULETA COUNTY 50 JT,Eligible for Reduced Price Lunch,2009,Percent,0.1285
ARCHULETA COUNTY 50 JT,Eligible for Reduced Price Lunch,2009,Number,195
ARCHULETA COUNTY 50 JT,Eligible for Free or Reduced Lunch,2009,Number,768
ARCHULETA COUNTY 50 JT,Eligible for Reduced Price Lunch,2010,Number,164
ARCHULETA COUNTY 50 JT,Eligible for Free Lunch,2009,Number,573
ARCHULETA COUNTY 50 JT,Eligible for Free or Reduced Lunch,2010,Number,764
ARCHULETA COUNTY 50 JT,Eligible for Free Lunch,2010,Number,600
ARCHULETA COUNTY 50 JT,Eligible for Free Lunch,2010,Percent,0.402
ARCHULETA COUNTY 50 JT,Eligible for Free or Reduced Lunch,2010,Percent,0.512
ARCHULETA COUNTY 50 JT,Eligible for Reduced Price Lunch,2010,Percent,0.11
ARCHULETA COUNTY 50 JT,Eligible for Free Lunch,2011,Percent,0.4014
ARCHULETA COUNTY 50 JT,Eligible for Free or Reduced Lunch,2011,Percent,0.5181
ARCHULETA COUNTY 50 JT,Eligible for Free or Reduced Lunch,2011,Number,728
ARCHULETA COUNTY 50 JT,Eligible for Reduced Price Lunch,2011,Percent,0.1167
ARCHULETA COUNTY 50 JT,Eligible for Free Lunch,2011,Number,564
ARCHULETA COUNTY 50 JT,Eligible for Reduced Price Lunch,2011,Number,164
ARCHULETA COUNTY 50 JT,Eligible for Free or Reduced Lunch,2012,Number,733
ARCHULETA COUNTY 50 JT,Eligible for Free Lunch,2012,Number,553
ARCHULETA COUNTY 50 JT,Eligible for Free or Reduced Lunch,2012,Percent,0.53465
ARCHULETA COUNTY 50 JT,Eligible for Reduced Price Lunch,2012,Number,180
ARCHULETA COUNTY 50 JT,Eligible for Free Lunch,2012,Percent,0.40336
ARCHULETA COUNTY 50 JT,Eligible for Reduced Price Lunch,2012,Percent,0.13129
ARCHULETA COUNTY 50 JT,Eligible for Free Lunch,2014,Percent,0.40498
ARCHULETA COUNTY 50 JT,Eligible for Reduced Price Lunch,2014,Percent,0.11916
ARCHULETA COUNTY 50 JT,Eligible for Reduced Price Lunch,2014,Number,158
ARCHULETA COUNTY 50 JT,Eligible for Free or Reduced Lunch,2014,Percent,0.52413
ARCHULETA COUNTY 50 JT,Eligible for Free or Reduced Lunch,2014,Number,695
ARCHULETA COUNTY 50 JT,Eligible for Free Lunch,2014,Number,537
ARICKAREE R-2,Eligible for Free Lunch,2014,Number,41
ARICKAREE R-2,Eligible for Free or Reduced Lunch,2014,Number,63
ARICKAREE R-2,Eligible for Free or Reduced Lunch,2014,Percent,0.58879
ARICKAREE R-2,Eligible for Reduced Price Lunch,2014,Number,22
ARICKAREE R-2,Eligible for Reduced Price Lunch,2014,Percent,0.20561
ARICKAREE R-2,Eligible for Free Lunch,2014,Percent,0.38318
ARICKAREE R-2,Eligible for Reduced Price Lunch,2012,Percent,0.07407
ARICKAREE R-2,Eligible for Free Lunch,2012,Percent,0.32407
ARICKAREE R-2,Eligible for Reduced Price Lunch,2012,Number,8
ARICKAREE R-2,Eligible for Free or Reduced Lunch,2012,Percent,0.39815
ARICKAREE R-2,Eligible for Free Lunch,2012,Number,35
ARICKAREE R-2,Eligible for Free or Reduced Lunch,2012,Number,43
ARICKAREE R-2,Eligible for Reduced Price Lunch,2011,Number,4
ARICKAREE R-2,Eligible for Free Lunch,2011,Number,37
ARICKAREE R-2,Eligible for Reduced Price Lunch,2011,Percent,0.0385
ARICKAREE R-2,Eligible for Free or Reduced Lunch,2011,Number,41
ARICKAREE R-2,Eligible for Free or Reduced Lunch,2011,Percent,0.3942
ARICKAREE R-2,Eligible for Free Lunch,2011,Percent,0.3558
ARICKAREE R-2,Eligible for Reduced Price Lunch,2010,Percent,0.081
ARICKAREE R-2,Eligible for Free or Reduced Lunch,2010,Percent,0.396
ARICKAREE R-2,Eligible for Free Lunch,2010,Percent,0.315
ARICKAREE R-2,Eligible for Free Lunch,2010,Number,35
ARICKAREE R-2,Eligible for Free or Reduced Lunch,2010,Number,44
ARICKAREE R-2,Eligible for Free Lunch,2009,Number,43
ARICKAREE R-2,Eligible for Reduced Price Lunch,2010,Number,9
ARICKAREE R-2,Eligible for Free or Reduced Lunch,2009,Number,58
ARICKAREE R-2,Eligible for Reduced Price Lunch,2009,Number,15
ARICKAREE R-2,Eligible for Reduced Price Lunch,2009,Percent,0.1327
ARICKAREE R-2,Eligible for Free or Reduced Lunch,2009,Percent,0.5133
ARICKAREE R-2,Eligible for Reduced Price Lunch,2013,Percent,0.10526
ARICKAREE R-2,Eligible for Free Lunch,2009,Percent,0.3805
ARICKAREE R-2,Eligible for Free or Reduced Lunch,2013,Percent,0.50877
ARICKAREE R-2,Eligible for Free Lunch,2013,Percent,0.40351
ARICKAREE R-2,Eligible for Free Lunch,2013,Number,46
ARICKAREE R-2,Eligible for Free or Reduced Lunch,2013,Number,58
ARICKAREE R-2,Eligible for Reduced Price Lunch,2013,Number,12
ARICKAREE R-2,Eligible for Reduced Price Lunch,2008,Number,12
ARICKAREE R-2,Eligible for Free or Reduced Lunch,2008,Number,43
ARICKAREE R-2,Eligible for Free Lunch,2008,Number,31
ARICKAREE R-2,Eligible for Reduced Price Lunch,2008,Percent,0.0976
ARICKAREE R-2,Eligible for Free or Reduced Lunch,2008,Percent,0.3496
ARICKAREE R-2,Eligible for Reduced Price Lunch,2007,Percent,0.1
ARICKAREE R-2,Eligible for Free Lunch,2008,Percent,0.252
ARICKAREE R-2,Eligible for Free or Reduced Lunch,2007,Percent,0.37
ARICKAREE R-2,Eligible for Free Lunch,2007,Percent,0.27
ARICKAREE R-2,Eligible for Reduced Price Lunch,2007,Number,11
ARICKAREE R-2,Eligible for Free or Reduced Lunch,2007,Number,41
ARICKAREE R-2,Eligible for Free Lunch,2007,Number,30
ARICKAREE R-2,Eligible for Free Lunch,2006,Number,43
ARICKAREE R-2,Eligible for Free or Reduced Lunch,2006,Number,57
ARICKAREE R-2,Eligible for Reduced Price Lunch,2006,Number,14
ARICKAREE R-2,Eligible for Reduced Price Lunch,2006,Percent,0.1207
ARICKAREE R-2,Eligible for Free or Reduced Lunch,2006,Percent,0.4914
ARICKAREE R-2,Eligible for Free Lunch,2006,Percent,0.3707
ARICKAREE R-2,Eligible for Reduced Price Lunch,2005,Percent,0.1154
ARICKAREE R-2,Eligible for Free Lunch,2005,Percent,0.2788
ARICKAREE R-2,Eligible for Reduced Price Lunch,2005,Number,12
ARICKAREE R-2,Eligible for Free or Reduced Lunch,2005,Percent,0.3942
ARICKAREE R-2,Eligible for Free Lunch,2005,Number,29
ARICKAREE R-2,Eligible for Free or Reduced Lunch,2005,Number,41
ARICKAREE R-2,Eligible for Reduced Price Lunch,2004,Number,11
ARICKAREE R-2,Eligible for Free or Reduced Lunch,2004,Number,37
ARICKAREE R-2,Eligible for Free Lunch,2004,Number,26
ARICKAREE R-2,Eligible for Reduced Price Lunch,2004,Percent,0.1122
ARICKAREE R-2,Eligible for Free or Reduced Lunch,2004,Percent,0.3776
ARICKAREE R-2,Eligible for Reduced Price Lunch,2003,Percent,0.21
ARICKAREE R-2,Eligible for Free Lunch,2004,Percent,0.2653
ARICKAREE R-2,Eligible for Free or Reduced Lunch,2003,Percent,0.53
ARICKAREE R-2,Eligible for Free Lunch,2003,Percent,0.33
ARICKAREE R-2,Eligible for Free Lunch,2003,Number,33
ARICKAREE R-2,Eligible for Free or Reduced Lunch,2003,Number,54
ARICKAREE R-2,Eligible for Reduced Price Lunch,2003,Number,21
ARICKAREE R-2,Eligible for Free Lunch,2002,Number,30
ARICKAREE R-2,Eligible for Free or Reduced Lunch,2002,Number,37
ARICKAREE R-2,Eligible for Reduced Price Lunch,2002,Number,7
ARICKAREE R-2,Eligible for Reduced Price Lunch,2002,Percent,0.07216
ARICKAREE R-2,Eligible for Free or Reduced Lunch,2002,Percent,0.38144
ARICKAREE R-2,Eligible for Free Lunch,2002,Percent,0.30928
ARICKAREE R-2,Eligible for Reduced Price Lunch,2001,Percent,0.18367
ARICKAREE R-2,Eligible for Free or Reduced Lunch,2001,Percent,0.46939
ARICKAREE R-2,Eligible for Free Lunch,2001,Percent,0.28571
ARICKAREE R-2,Eligible for Free Lunch,2001,Number,28
ARICKAREE R-2,Eligible for Free or Reduced Lunch,2001,Number,46
ARICKAREE R-2,Eligible for Reduced Price Lunch,2001,Number,18
ARICKAREE R-2,Eligible for Free Lunch,2000,Number,25
ARICKAREE R-2,Eligible for Free or Reduced Lunch,2000,Number,40
ARICKAREE R-2,Eligible for Reduced Price Lunch,2000,Number,15
ARICKAREE R-2,Eligible for Free Lunch,2000,Percent,0.26
ARICKAREE R-2,Eligible for Free or Reduced Lunch,2000,Percent,0.41
ARICKAREE R-2,Eligible for Reduced Price Lunch,2000,Percent,0.15
ARRIBA-FLAGLER C-20,Eligible for Reduced Price Lunch,2000,Percent,0.12
ARRIBA-FLAGLER C-20,Eligible for Free or Reduced Lunch,2000,Percent,0.28
ARRIBA-FLAGLER C-20,Eligible for Free Lunch,2000,Percent,0.16
ARRIBA-FLAGLER C-20,Eligible for Reduced Price Lunch,2000,Number,30
ARRIBA-FLAGLER C-20,Eligible for Free or Reduced Lunch,2000,Number,69
ARRIBA-FLAGLER C-20,Eligible for Free Lunch,2000,Number,39
ARRIBA-FLAGLER C-20,Eligible for Reduced Price Lunch,2001,Number,34
ARRIBA-FLAGLER C-20,Eligible for Free or Reduced Lunch,2001,Number,73
ARRIBA-FLAGLER C-20,Eligible for Free Lunch,2001,Number,39
ARRIBA-FLAGLER C-20,Eligible for Free Lunch,2001,Percent,0.15789
ARRIBA-FLAGLER C-20,Eligible for Free or Reduced Lunch,2001,Percent,0.29555
ARRIBA-FLAGLER C-20,Eligible for Reduced Price Lunch,2001,Percent,0.13765
ARRIBA-FLAGLER C-20,Eligible for Free Lunch,2002,Percent,0.21923
ARRIBA-FLAGLER C-20,Eligible for Free or Reduced Lunch,2002,Percent,0.37308
ARRIBA-FLAGLER C-20,Eligible for Reduced Price Lunch,2002,Percent,0.15385
ARRIBA-FLAGLER C-20,Eligible for Reduced Price Lunch,2002,Number,40
ARRIBA-FLAGLER C-20,Eligible for Free or Reduced Lunch,2002,Number,97
ARRIBA-FLAGLER C-20,Eligible for Free Lunch,2002,Number,57
ARRIBA-FLAGLER C-20,Eligible for Reduced Price Lunch,2003,Number,36
ARRIBA-FLAGLER C-20,Eligible for Free or Reduced Lunch,2003,Number,103
ARRIBA-FLAGLER C-20,Eligible for Free Lunch,2003,Number,67
ARRIBA-FLAGLER C-20,Eligible for Free Lunch,2003,Percent,0.29
ARRIBA-FLAGLER C-20,Eligible for Free or Reduced Lunch,2003,Percent,0.45
ARRIBA-FLAGLER C-20,Eligible for Free Lunch,2004,Percent,0.3053
ARRIBA-FLAGLER C-20,Eligible for Reduced Price Lunch,2003,Percent,0.16
ARRIBA-FLAGLER C-20,Eligible for Free or Reduced Lunch,2004,Percent,0.4248
ARRIBA-FLAGLER C-20,Eligible for Reduced Price Lunch,2004,Percent,0.1195
ARRIBA-FLAGLER C-20,Eligible for Free Lunch,2004,Number,69
ARRIBA-FLAGLER C-20,Eligible for Free or Reduced Lunch,2004,Number,96
ARRIBA-FLAGLER C-20,Eligible for Reduced Price Lunch,2004,Number,27
ARRIBA-FLAGLER C-20,Eligible for Free or Reduced Lunch,2005,Number,96
ARRIBA-FLAGLER C-20,Eligible for Free Lunch,2005,Number,64
ARRIBA-FLAGLER C-20,Eligible for Free or Reduced Lunch,2005,Percent,0.4593
ARRIBA-FLAGLER C-20,Eligible for Reduced Price Lunch,2005,Number,32
ARRIBA-FLAGLER C-20,Eligible for Free Lunch,2005,Percent,0.3062
ARRIBA-FLAGLER C-20,Eligible for Reduced Price Lunch,2005,Percent,0.1531
ARRIBA-FLAGLER C-20,Eligible for Free Lunch,2006,Percent,0.2742
ARRIBA-FLAGLER C-20,Eligible for Free or Reduced Lunch,2006,Percent,0.4247
ARRIBA-FLAGLER C-20,Eligible for Reduced Price Lunch,2006,Percent,0.1505
ARRIBA-FLAGLER C-20,Eligible for Reduced Price Lunch,2006,Number,28
ARRIBA-FLAGLER C-20,Eligible for Free or Reduced Lunch,2006,Number,79
ARRIBA-FLAGLER C-20,Eligible for Free Lunch,2006,Number,51
ARRIBA-FLAGLER C-20,Eligible for Free Lunch,2007,Number,55
ARRIBA-FLAGLER C-20,Eligible for Free or Reduced Lunch,2007,Number,78
ARRIBA-FLAGLER C-20,Eligible for Reduced Price Lunch,2007,Number,23
ARRIBA-FLAGLER C-20,Eligible for Free Lunch,2007,Percent,0.32
ARRIBA-FLAGLER C-20,Eligible for Free or Reduced Lunch,2007,Percent,0.45
ARRIBA-FLAGLER C-20,Eligible for Free Lunch,2008,Percent,0.2818
ARRIBA-FLAGLER C-20,Eligible for Reduced Price Lunch,2007,Percent,0.13
ARRIBA-FLAGLER C-20,Eligible for Free or Reduced Lunch,2008,Percent,0.4365
ARRIBA-FLAGLER C-20,Eligible for Reduced Price Lunch,2008,Percent,0.1547
ARRIBA-FLAGLER C-20,Eligible for Free Lunch,2008,Number,51
ARRIBA-FLAGLER C-20,Eligible for Free or Reduced Lunch,2008,Number,79
ARRIBA-FLAGLER C-20,Eligible for Reduced Price Lunch,2008,Number,28
ARRIBA-FLAGLER C-20,Eligible for Reduced Price Lunch,2013,Number,26
ARRIBA-FLAGLER C-20,Eligible for Free or Reduced Lunch,2013,Number,96
ARRIBA-FLAGLER C-20,Eligible for Free Lunch,2013,Number,70
ARRIBA-FLAGLER C-20,Eligible for Free Lunch,2013,Percent,0.37433
ARRIBA-FLAGLER C-20,Eligible for Free or Reduced Lunch,2013,Percent,0.51337
ARRIBA-FLAGLER C-20,Eligible for Free Lunch,2009,Percent,0.3091
ARRIBA-FLAGLER C-20,Eligible for Reduced Price Lunch,2013,Percent,0.13904
ARRIBA-FLAGLER C-20,Eligible for Free or Reduced Lunch,2009,Percent,0.4909
ARRIBA-FLAGLER C-20,Eligible for Reduced Price Lunch,2009,Percent,0.1818
ARRIBA-FLAGLER C-20,Eligible for Reduced Price Lunch,2009,Number,30
ARRIBA-FLAGLER C-20,Eligible for Free or Reduced Lunch,2009,Number,81
ARRIBA-FLAGLER C-20,Eligible for Reduced Price Lunch,2010,Number,42
ARRIBA-FLAGLER C-20,Eligible for Free Lunch,2009,Number,51
ARRIBA-FLAGLER C-20,Eligible for Free or Reduced Lunch,2010,Number,91
ARRIBA-FLAGLER C-20,Eligible for Free Lunch,2010,Number,49
ARRIBA-FLAGLER C-20,Eligible for Free Lunch,2010,Percent,0.288
ARRIBA-FLAGLER C-20,Eligible for Free or Reduced Lunch,2010,Percent,0.535
ARRIBA-FLAGLER C-20,Eligible for Reduced Price Lunch,2010,Percent,0.247
ARRIBA-FLAGLER C-20,Eligible for Free Lunch,2011,Percent,0.2994
ARRIBA-FLAGLER C-20,Eligible for Free or Reduced Lunch,2011,Percent,0.4371
ARRIBA-FLAGLER C-20,Eligible for Free or Reduced Lunch,2011,Number,73
ARRIBA-FLAGLER C-20,Eligible for Reduced Price Lunch,2011,Percent,0.1377
ARRIBA-FLAGLER C-20,Eligible for Free Lunch,2011,Number,50
ARRIBA-FLAGLER C-20,Eligible for Reduced Price Lunch,2011,Number,23
ARRIBA-FLAGLER C-20,Eligible for Free or Reduced Lunch,2012,Number,78
ARRIBA-FLAGLER C-20,Eligible for Free Lunch,2012,Number,52
ARRIBA-FLAGLER C-20,Eligible for Free or Reduced Lunch,2012,Percent,0.44318
ARRIBA-FLAGLER C-20,Eligible for Reduced Price Lunch,2012,Number,26
ARRIBA-FLAGLER C-20,Eligible for Free Lunch,2012,Percent,0.29545
ARRIBA-FLAGLER C-20,Eligible for Reduced Price Lunch,2012,Percent,0.14773
ARRIBA-FLAGLER C-20,Eligible for Free Lunch,2014,Percent,0.4
ARRIBA-FLAGLER C-20,Eligible for Reduced Price Lunch,2014,Percent,0.11795
ARRIBA-FLAGLER C-20,Eligible for Reduced Price Lunch,2014,Number,23
ARRIBA-FLAGLER C-20,Eligible for Free or Reduced Lunch,2014,Percent,0.51795
ARRIBA-FLAGLER C-20,Eligible for Free or Reduced Lunch,2014,Number,101
ARRIBA-FLAGLER C-20,Eligible for Free Lunch,2014,Number,78
ASPEN 1,Eligible for Free Lunch,2014,Number,57
ASPEN 1,Eligible for Free or Reduced Lunch,2014,Number,89
ASPEN 1,Eligible for Free or Reduced Lunch,2014,Percent,0.05068
ASPEN 1,Eligible for Reduced Price Lunch,2014,Number,32
ASPEN 1,Eligible for Reduced Price Lunch,2014,Percent,0.01822
ASPEN 1,Eligible for Free Lunch,2014,Percent,0.03246
ASPEN 1,Eligible for Reduced Price Lunch,2012,Percent,0.02021
ASPEN 1,Eligible for Free Lunch,2012,Percent,0.04619
ASPEN 1,Eligible for Reduced Price Lunch,2012,Number,35
ASPEN 1,Eligible for Free or Reduced Lunch,2012,Percent,0.0664
ASPEN 1,Eligible for Free Lunch,2012,Number,80
ASPEN 1,Eligible for Free or Reduced Lunch,2012,Number,115
ASPEN 1,Eligible for Reduced Price Lunch,2011,Number,39
ASPEN 1,Eligible for Free Lunch,2011,Number,64
ASPEN 1,Eligible for Reduced Price Lunch,2011,Percent,0.0228
ASPEN 1,Eligible for Free or Reduced Lunch,2011,Number,103
ASPEN 1,Eligible for Free or Reduced Lunch,2011,Percent,0.0602
ASPEN 1,Eligible for Free Lunch,2011,Percent,0.0374
ASPEN 1,Eligible for Reduced Price Lunch,2010,Percent,0.029
ASPEN 1,Eligible for Free or Reduced Lunch,2010,Percent,0.06
ASPEN 1,Eligible for Free Lunch,2010,Percent,0.031
ASPEN 1,Eligible for Free Lunch,2010,Number,54
ASPEN 1,Eligible for Free or Reduced Lunch,2010,Number,104
ASPEN 1,Eligible for Free Lunch,2009,Number,55
ASPEN 1,Eligible for Reduced Price Lunch,2010,Number,50
ASPEN 1,Eligible for Free or Reduced Lunch,2009,Number,99
ASPEN 1,Eligible for Reduced Price Lunch,2009,Number,44
ASPEN 1,Eligible for Reduced Price Lunch,2009,Percent,0.0259
ASPEN 1,Eligible for Free or Reduced Lunch,2009,Percent,0.0583
ASPEN 1,Eligible for Reduced Price Lunch,2013,Percent,0.01968
ASPEN 1,Eligible for Free Lunch,2009,Percent,0.0324
ASPEN 1,Eligible for Free or Reduced Lunch,2013,Percent,0.05382
ASPEN 1,Eligible for Free Lunch,2013,Percent,0.03414
ASPEN 1,Eligible for Free Lunch,2013,Number,59
ASPEN 1,Eligible for Free or Reduced Lunch,2013,Number,93
ASPEN 1,Eligible for Reduced Price Lunch,2013,Number,34
ASPEN 1,Eligible for Reduced Price Lunch,2008,Number,35
ASPEN 1,Eligible for Free or Reduced Lunch,2008,Number,107
ASPEN 1,Eligible for Free Lunch,2008,Number,72
ASPEN 1,Eligible for Reduced Price Lunch,2008,Percent,0.0211
ASPEN 1,Eligible for Free or Reduced Lunch,2008,Percent,0.0646
ASPEN 1,Eligible for Reduced Price Lunch,2007,Percent,0.02
ASPEN 1,Eligible for Free Lunch,2008,Percent,0.0435
ASPEN 1,Eligible for Free or Reduced Lunch,2007,Percent,0.06
ASPEN 1,Eligible for Free Lunch,2007,Percent,0.04
ASPEN 1,Eligible for Reduced Price Lunch,2007,Number,27
ASPEN 1,Eligible for Free or Reduced Lunch,2007,Number,98
ASPEN 1,Eligible for Free Lunch,2007,Number,71
ASPEN 1,Eligible for Free Lunch,2006,Number,51
ASPEN 1,Eligible for Free or Reduced Lunch,2006,Number,118
ASPEN 1,Eligible for Reduced Price Lunch,2006,Number,67
ASPEN 1,Eligible for Reduced Price Lunch,2006,Percent,0.0417
ASPEN 1,Eligible for Free or Reduced Lunch,2006,Percent,0.0735
ASPEN 1,Eligible for Free Lunch,2006,Percent,0.0318
ASPEN 1,Eligible for Reduced Price Lunch,2005,Percent,0.0254
ASPEN 1,Eligible for Free Lunch,2005,Percent,0.0143
ASPEN 1,Eligible for Reduced Price Lunch,2005,Number,41
ASPEN 1,Eligible for Free or Reduced Lunch,2005,Percent,0.0397
ASPEN 1,Eligible for Free Lunch,2005,Number,23
ASPEN 1,Eligible for Free or Reduced Lunch,2005,Number,64
ASPEN 1,Eligible for Reduced Price Lunch,2004,Number,13
ASPEN 1,Eligible for Free or Reduced Lunch,2004,Number,32
ASPEN 1,Eligible for Free Lunch,2004,Number,19
ASPEN 1,Eligible for Reduced Price Lunch,2004,Percent,0.0081
ASPEN 1,Eligible for Free or Reduced Lunch,2004,Percent,0.02
ASPEN 1,Eligible for Reduced Price Lunch,2003,Percent,0.02
ASPEN 1,Eligible for Free Lunch,2004,Percent,0.0119
ASPEN 1,Eligible for Free or Reduced Lunch,2003,Percent,0.02
ASPEN 1,Eligible for Free Lunch,2003,Percent,0
ASPEN 1,Eligible for Free Lunch,2003,Number,0
ASPEN 1,Eligible for Free or Reduced Lunch,2003,Number,28
ASPEN 1,Eligible for Reduced Price Lunch,2003,Number,28
ASPEN 1,Eligible for Free Lunch,2002,Number,0
ASPEN 1,Eligible for Free or Reduced Lunch,2002,Number,14
ASPEN 1,Eligible for Reduced Price Lunch,2002,Number,14
ASPEN 1,Eligible for Reduced Price Lunch,2002,Percent,0.00908
ASPEN 1,Eligible for Free or Reduced Lunch,2002,Percent,0.00908
ASPEN 1,Eligible for Free Lunch,2002,Percent,0
ASPEN 1,Eligible for Reduced Price Lunch,2001,Percent,0.0078
ASPEN 1,Eligible for Free or Reduced Lunch,2001,Percent,0.0078
ASPEN 1,Eligible for Free Lunch,2001,Percent,0
ASPEN 1,Eligible for Free Lunch,2001,Number,0
ASPEN 1,Eligible for Free or Reduced Lunch,2001,Number,11
ASPEN 1,Eligible for Reduced Price Lunch,2001,Number,11
ASPEN 1,Eligible for Free Lunch,2000,Number,0
ASPEN 1,Eligible for Free or Reduced Lunch,2000,Number,14
ASPEN 1,Eligible for Reduced Price Lunch,2000,Number,14
ASPEN 1,Eligible for Free Lunch,2000,Percent,0
ASPEN 1,Eligible for Free or Reduced Lunch,2000,Percent,0.01
ASPEN 1,Eligible for Reduced Price Lunch,2000,Percent,0.01
AULT-HIGHLAND RE-9,Eligible for Reduced Price Lunch,2000,Percent,0.09
AULT-HIGHLAND RE-9,Eligible for Free or Reduced Lunch,2000,Percent,0.35
AULT-HIGHLAND RE-9,Eligible for Free Lunch,2000,Percent,0.26
AULT-HIGHLAND RE-9,Eligible for Reduced Price Lunch,2000,Number,87
AULT-HIGHLAND RE-9,Eligible for Free or Reduced Lunch,2000,Number,323
AULT-HIGHLAND RE-9,Eligible for Free Lunch,2000,Number,236
AULT-HIGHLAND RE-9,Eligible for Reduced Price Lunch,2001,Number,97
AULT-HIGHLAND RE-9,Eligible for Free or Reduced Lunch,2001,Number,333
AULT-HIGHLAND RE-9,Eligible for Free Lunch,2001,Number,236
AULT-HIGHLAND RE-9,Eligible for Free Lunch,2001,Percent,0.25295
AULT-HIGHLAND RE-9,Eligible for Free or Reduced Lunch,2001,Percent,0.35691
AULT-HIGHLAND RE-9,Eligible for Reduced Price Lunch,2001,Percent,0.10397
AULT-HIGHLAND RE-9,Eligible for Free Lunch,2002,Percent,0.32397
AULT-HIGHLAND RE-9,Eligible for Free or Reduced Lunch,2002,Percent,0.41145
AULT-HIGHLAND RE-9,Eligible for Reduced Price Lunch,2002,Percent,0.08747
AULT-HIGHLAND RE-9,Eligible for Reduced Price Lunch,2002,Number,81
AULT-HIGHLAND RE-9,Eligible for Free or Reduced Lunch,2002,Number,381
AULT-HIGHLAND RE-9,Eligible for Free Lunch,2002,Number,300
AULT-HIGHLAND RE-9,Eligible for Reduced Price Lunch,2003,Number,103
AULT-HIGHLAND RE-9,Eligible for Free or Reduced Lunch,2003,Number,426
AULT-HIGHLAND RE-9,Eligible for Free Lunch,2003,Number,323
AULT-HIGHLAND RE-9,Eligible for Free Lunch,2003,Percent,0.36
AULT-HIGHLAND RE-9,Eligible for Free or Reduced Lunch,2003,Percent,0.47
AULT-HIGHLAND RE-9,Eligible for Free Lunch,2004,Percent,0.3506
AULT-HIGHLAND RE-9,Eligible for Reduced Price Lunch,2003,Percent,0.11
AULT-HIGHLAND RE-9,Eligible for Free or Reduced Lunch,2004,Percent,0.4368
AULT-HIGHLAND RE-9,Eligible for Reduced Price Lunch,2004,Percent,0.0862
AULT-HIGHLAND RE-9,Eligible for Free Lunch,2004,Number,305
AULT-HIGHLAND RE-9,Eligible for Free or Reduced Lunch,2004,Number,380
AULT-HIGHLAND RE-9,Eligible for Reduced Price Lunch,2004,Number,75
AULT-HIGHLAND RE-9,Eligible for Free or Reduced Lunch,2005,Number,400
AULT-HIGHLAND RE-9,Eligible for Free Lunch,2005,Number,306
AULT-HIGHLAND RE-9,Eligible for Free or Reduced Lunch,2005,Percent,0.4802
AULT-HIGHLAND RE-9,Eligible for Reduced Price Lunch,2005,Number,94
AULT-HIGHLAND RE-9,Eligible for Free Lunch,2005,Percent,0.3673
AULT-HIGHLAND RE-9,Eligible for Reduced Price Lunch,2005,Percent,0.1128
AULT-HIGHLAND RE-9,Eligible for Free Lunch,2006,Percent,0.3505
AULT-HIGHLAND RE-9,Eligible for Free or Reduced Lunch,2006,Percent,0.4654
AULT-HIGHLAND RE-9,Eligible for Reduced Price Lunch,2006,Percent,0.1149
AULT-HIGHLAND RE-9,Eligible for Reduced Price Lunch,2006,Number,98
AULT-HIGHLAND RE-9,Eligible for Free or Reduced Lunch,2006,Number,397
AULT-HIGHLAND RE-9,Eligible for Free Lunch,2006,Number,299
AULT-HIGHLAND RE-9,Eligible for Free Lunch,2007,Number,319
AULT-HIGHLAND RE-9,Eligible for Free or Reduced Lunch,2007,Number,391
AULT-HIGHLAND RE-9,Eligible for Reduced Price Lunch,2007,Number,72
AULT-HIGHLAND RE-9,Eligible for Free Lunch,2007,Percent,0.38
AULT-HIGHLAND RE-9,Eligible for Free or Reduced Lunch,2007,Percent,0.47
AULT-HIGHLAND RE-9,Eligible for Free Lunch,2008,Percent,0.4169
AULT-HIGHLAND RE-9,Eligible for Reduced Price Lunch,2007,Percent,0.09
AULT-HIGHLAND RE-9,Eligible for Free or Reduced Lunch,2008,Percent,0.4834
AULT-HIGHLAND RE-9,Eligible for Reduced Price Lunch,2008,Percent,0.0665
AULT-HIGHLAND RE-9,Eligible for Free Lunch,2008,Number,351
AULT-HIGHLAND RE-9,Eligible for Free or Reduced Lunch,2008,Number,407
AULT-HIGHLAND RE-9,Eligible for Reduced Price Lunch,2008,Number,56
AULT-HIGHLAND RE-9,Eligible for Reduced Price Lunch,2013,Number,79
AULT-HIGHLAND RE-9,Eligible for Free or Reduced Lunch,2013,Number,388
AULT-HIGHLAND RE-9,Eligible for Free Lunch,2013,Number,309
AULT-HIGHLAND RE-9,Eligible for Free Lunch,2013,Percent,0.40392
AULT-HIGHLAND RE-9,Eligible for Free or Reduced Lunch,2013,Percent,0.50719
AULT-HIGHLAND RE-9,Eligible for Free Lunch,2009,Percent,0.4387
AULT-HIGHLAND RE-9,Eligible for Reduced Price Lunch,2013,Percent,0.10327
AULT-HIGHLAND RE-9,Eligible for Free or Reduced Lunch,2009,Percent,0.5368
AULT-HIGHLAND RE-9,Eligible for Reduced Price Lunch,2009,Percent,0.098
AULT-HIGHLAND RE-9,Eligible for Reduced Price Lunch,2009,Number,80
AULT-HIGHLAND RE-9,Eligible for Free or Reduced Lunch,2009,Number,438
AULT-HIGHLAND RE-9,Eligible for Reduced Price Lunch,2010,Number,56
AULT-HIGHLAND RE-9,Eligible for Free Lunch,2009,Number,358
AULT-HIGHLAND RE-9,Eligible for Free or Reduced Lunch,2010,Number,441
AULT-HIGHLAND RE-9,Eligible for Free Lunch,2010,Number,385
AULT-HIGHLAND RE-9,Eligible for Free Lunch,2010,Percent,0.455
AULT-HIGHLAND RE-9,Eligible for Free or Reduced Lunch,2010,Percent,0.521
AULT-HIGHLAND RE-9,Eligible for Reduced Price Lunch,2010,Percent,0.066
AULT-HIGHLAND RE-9,Eligible for Free Lunch,2011,Percent,0.4453
AULT-HIGHLAND RE-9,Eligible for Free or Reduced Lunch,2011,Percent,0.5296
AULT-HIGHLAND RE-9,Eligible for Free or Reduced Lunch,2011,Number,421
AULT-HIGHLAND RE-9,Eligible for Reduced Price Lunch,2011,Percent,0.0843
AULT-HIGHLAND RE-9,Eligible for Free Lunch,2011,Number,354
AULT-HIGHLAND RE-9,Eligible for Reduced Price Lunch,2011,Number,67
AULT-HIGHLAND RE-9,Eligible for Free or Reduced Lunch,2012,Number,384
AULT-HIGHLAND RE-9,Eligible for Free Lunch,2012,Number,319
AULT-HIGHLAND RE-9,Eligible for Free or Reduced Lunch,2012,Percent,0.4987
AULT-HIGHLAND RE-9,Eligible for Reduced Price Lunch,2012,Number,65
AULT-HIGHLAND RE-9,Eligible for Free Lunch,2012,Percent,0.41429
AULT-HIGHLAND RE-9,Eligible for Reduced Price Lunch,2012,Percent,0.08442
AULT-HIGHLAND RE-9,Eligible for Free Lunch,2014,Percent,0.38502
AULT-HIGHLAND RE-9,Eligible for Reduced Price Lunch,2014,Percent,0.08279
AULT-HIGHLAND RE-9,Eligible for Reduced Price Lunch,2014,Number,63
AULT-HIGHLAND RE-9,Eligible for Free or Reduced Lunch,2014,Percent,0.46781
AULT-HIGHLAND RE-9,Eligible for Free or Reduced Lunch,2014,Number,356
AULT-HIGHLAND RE-9,Eligible for Free Lunch,2014,Number,293
BAYFIELD 10 JT-R,Eligible for Free Lunch,2014,Number,247
BAYFIELD 10 JT-R,Eligible for Free or Reduced Lunch,2014,Number,382
BAYFIELD 10 JT-R,Eligible for Free or Reduced Lunch,2014,Percent,0.2883
BAYFIELD 10 JT-R,Eligible for Reduced Price Lunch,2014,Number,135
BAYFIELD 10 JT-R,Eligible for Reduced Price Lunch,2014,Percent,0.10189
BAYFIELD 10 JT-R,Eligible for Free Lunch,2014,Percent,0.18642
BAYFIELD 10 JT-R,Eligible for Reduced Price Lunch,2012,Percent,0.11912
BAYFIELD 10 JT-R,Eligible for Free Lunch,2012,Percent,0.21897
BAYFIELD 10 JT-R,Eligible for Reduced Price Lunch,2012,Number,167
BAYFIELD 10 JT-R,Eligible for Free or Reduced Lunch,2012,Percent,0.33809
BAYFIELD 10 JT-R,Eligible for Free Lunch,2012,Number,307
BAYFIELD 10 JT-R,Eligible for Free or Reduced Lunch,2012,Number,474
BAYFIELD 10 JT-R,Eligible for Reduced Price Lunch,2011,Number,108
BAYFIELD 10 JT-R,Eligible for Free Lunch,2011,Number,307
BAYFIELD 10 JT-R,Eligible for Reduced Price Lunch,2011,Percent,0.0793
BAYFIELD 10 JT-R,Eligible for Free or Reduced Lunch,2011,Number,415
BAYFIELD 10 JT-R,Eligible for Free or Reduced Lunch,2011,Percent,0.3047
BAYFIELD 10 JT-R,Eligible for Free Lunch,2011,Percent,0.2254
BAYFIELD 10 JT-R,Eligible for Reduced Price Lunch,2010,Percent,0.087
BAYFIELD 10 JT-R,Eligible for Free or Reduced Lunch,2010,Percent,0.272
BAYFIELD 10 JT-R,Eligible for Free Lunch,2010,Percent,0.185
BAYFIELD 10 JT-R,Eligible for Free Lunch,2010,Number,260
BAYFIELD 10 JT-R,Eligible for Free or Reduced Lunch,2010,Number,382
BAYFIELD 10 JT-R,Eligible for Free Lunch,2009,Number,237
BAYFIELD 10 JT-R,Eligible for Reduced Price Lunch,2010,Number,122
BAYFIELD 10 JT-R,Eligible for Free or Reduced Lunch,2009,Number,363
BAYFIELD 10 JT-R,Eligible for Reduced Price Lunch,2009,Number,126
BAYFIELD 10 JT-R,Eligible for Reduced Price Lunch,2009,Percent,0.0896
BAYFIELD 10 JT-R,Eligible for Free or Reduced Lunch,2009,Percent,0.2582
BAYFIELD 10 JT-R,Eligible for Reduced Price Lunch,2013,Percent,0.09254
BAYFIELD 10 JT-R,Eligible for Free Lunch,2009,Percent,0.1686
BAYFIELD 10 JT-R,Eligible for Free or Reduced Lunch,2013,Percent,0.26791
BAYFIELD 10 JT-R,Eligible for Free Lunch,2013,Percent,0.17537
BAYFIELD 10 JT-R,Eligible for Free Lunch,2013,Number,235
BAYFIELD 10 JT-R,Eligible for Free or Reduced Lunch,2013,Number,359
BAYFIELD 10 JT-R,Eligible for Reduced Price Lunch,2013,Number,124
BAYFIELD 10 JT-R,Eligible for Reduced Price Lunch,2008,Number,105
BAYFIELD 10 JT-R,Eligible for Free or Reduced Lunch,2008,Number,256
BAYFIELD 10 JT-R,Eligible for Free Lunch,2008,Number,151
BAYFIELD 10 JT-R,Eligible for Reduced Price Lunch,2008,Percent,0.0781
BAYFIELD 10 JT-R,Eligible for Free or Reduced Lunch,2008,Percent,0.1903
BAYFIELD 10 JT-R,Eligible for Reduced Price Lunch,2007,Percent,0.07
BAYFIELD 10 JT-R,Eligible for Free Lunch,2008,Percent,0.1123
BAYFIELD 10 JT-R,Eligible for Free or Reduced Lunch,2007,Percent,0.19
BAYFIELD 10 JT-R,Eligible for Free Lunch,2007,Percent,0.11
BAYFIELD 10 JT-R,Eligible for Reduced Price Lunch,2007,Number,101
BAYFIELD 10 JT-R,Eligible for Free or Reduced Lunch,2007,Number,253
BAYFIELD 10 JT-R,Eligible for Free Lunch,2007,Number,152
BAYFIELD 10 JT-R,Eligible for Free Lunch,2006,Number,146
BAYFIELD 10 JT-R,Eligible for Free or Reduced Lunch,2006,Number,221
BAYFIELD 10 JT-R,Eligible for Reduced Price Lunch,2006,Number,75
BAYFIELD 10 JT-R,Eligible for Reduced Price Lunch,2006,Percent,0.0572
BAYFIELD 10 JT-R,Eligible for Free or Reduced Lunch,2006,Percent,0.1686
BAYFIELD 10 JT-R,Eligible for Free Lunch,2006,Percent,0.1114
BAYFIELD 10 JT-R,Eligible for Reduced Price Lunch,2005,Percent,0.0394
BAYFIELD 10 JT-R,Eligible for Free Lunch,2005,Percent,0.1174
BAYFIELD 10 JT-R,Eligible for Reduced Price Lunch,2005,Number,47
BAYFIELD 10 JT-R,Eligible for Free or Reduced Lunch,2005,Percent,0.1569
BAYFIELD 10 JT-R,Eligible for Free Lunch,2005,Number,140
BAYFIELD 10 JT-R,Eligible for Free or Reduced Lunch,2005,Number,187
BAYFIELD 10 JT-R,Eligible for Reduced Price Lunch,2004,Number,91
BAYFIELD 10 JT-R,Eligible for Free or Reduced Lunch,2004,Number,242
BAYFIELD 10 JT-R,Eligible for Free Lunch,2004,Number,151
BAYFIELD 10 JT-R,Eligible for Reduced Price Lunch,2004,Percent,0.073
BAYFIELD 10 JT-R,Eligible for Free or Reduced Lunch,2004,Percent,0.1942
BAYFIELD 10 JT-R,Eligible for Reduced Price Lunch,2003,Percent,0.07
BAYFIELD 10 JT-R,Eligible for Free Lunch,2004,Percent,0.1212
BAYFIELD 10 JT-R,Eligible for Free or Reduced Lunch,2003,Percent,0.2
BAYFIELD 10 JT-R,Eligible for Free Lunch,2003,Percent,0.13
BAYFIELD 10 JT-R,Eligible for Free Lunch,2003,Number,162
BAYFIELD 10 JT-R,Eligible for Free or Reduced Lunch,2003,Number,241
BAYFIELD 10 JT-R,Eligible for Reduced Price Lunch,2003,Number,79
BAYFIELD 10 JT-R,Eligible for Free Lunch,2002,Number,130
BAYFIELD 10 JT-R,Eligible for Free or Reduced Lunch,2002,Number,214
BAYFIELD 10 JT-R,Eligible for Reduced Price Lunch,2002,Number,84
BAYFIELD 10 JT-R,Eligible for Reduced Price Lunch,2002,Percent,0.07149
BAYFIELD 10 JT-R,Eligible for Free or Reduced Lunch,2002,Percent,0.18213
BAYFIELD 10 JT-R,Eligible for Free Lunch,2002,Percent,0.11064
BAYFIELD 10 JT-R,Eligible for Reduced Price Lunch,2001,Percent,0.06289
BAYFIELD 10 JT-R,Eligible for Free or Reduced Lunch,2001,Percent,0.16891
BAYFIELD 10 JT-R,Eligible for Free Lunch,2001,Percent,0.10602
BAYFIELD 10 JT-R,Eligible for Free Lunch,2001,Number,118
BAYFIELD 10 JT-R,Eligible for Free or Reduced Lunch,2001,Number,188
BAYFIELD 10 JT-R,Eligible for Reduced Price Lunch,2001,Number,70
BAYFIELD 10 JT-R,Eligible for Free Lunch,2000,Number,133
BAYFIELD 10 JT-R,Eligible for Free or Reduced Lunch,2000,Number,205
BAYFIELD 10 JT-R,Eligible for Reduced Price Lunch,2000,Number,72
BAYFIELD 10 JT-R,Eligible for Free Lunch,2000,Percent,0.12
BAYFIELD 10 JT-R,Eligible for Free or Reduced Lunch,2000,Percent,0.19
BAYFIELD 10 JT-R,Eligible for Reduced Price Lunch,2000,Percent,0.07
